-- MySQL dump 10.13  Distrib 8.0.29, for macos12.2 (x86_64)
--
-- Host: localhost    Database: Electro_Ecommerce
-- ------------------------------------------------------
-- Server version	8.0.29

/*!40101 SET @OLD_CHARACTER_SET_CLIENT=@@CHARACTER_SET_CLIENT */;
/*!40101 SET @OLD_CHARACTER_SET_RESULTS=@@CHARACTER_SET_RESULTS */;
/*!40101 SET @OLD_COLLATION_CONNECTION=@@COLLATION_CONNECTION */;
/*!50503 SET NAMES utf8mb4 */;
/*!40103 SET @OLD_TIME_ZONE=@@TIME_ZONE */;
/*!40103 SET TIME_ZONE='+00:00' */;
/*!40014 SET @OLD_UNIQUE_CHECKS=@@UNIQUE_CHECKS, UNIQUE_CHECKS=0 */;
/*!40014 SET @OLD_FOREIGN_KEY_CHECKS=@@FOREIGN_KEY_CHECKS, FOREIGN_KEY_CHECKS=0 */;
/*!40101 SET @OLD_SQL_MODE=@@SQL_MODE, SQL_MODE='NO_AUTO_VALUE_ON_ZERO' */;
/*!40111 SET @OLD_SQL_NOTES=@@SQL_NOTES, SQL_NOTES=0 */;

--
-- Table structure for table `failed_jobs`
--

DROP TABLE IF EXISTS `failed_jobs`;
/*!40101 SET @saved_cs_client     = @@character_set_client */;
/*!50503 SET character_set_client = utf8mb4 */;
CREATE TABLE `failed_jobs` (
  `id` bigint unsigned NOT NULL AUTO_INCREMENT,
  `connection` text COLLATE utf8mb4_unicode_ci NOT NULL,
  `queue` text COLLATE utf8mb4_unicode_ci NOT NULL,
  `payload` longtext COLLATE utf8mb4_unicode_ci NOT NULL,
  `exception` longtext COLLATE utf8mb4_unicode_ci NOT NULL,
  `failed_at` timestamp NOT NULL DEFAULT CURRENT_TIMESTAMP,
  PRIMARY KEY (`id`)
) ENGINE=InnoDB DEFAULT CHARSET=utf8mb4 COLLATE=utf8mb4_unicode_ci;
/*!40101 SET character_set_client = @saved_cs_client */;

--
-- Dumping data for table `failed_jobs`
--

LOCK TABLES `failed_jobs` WRITE;
/*!40000 ALTER TABLE `failed_jobs` DISABLE KEYS */;
/*!40000 ALTER TABLE `failed_jobs` ENABLE KEYS */;
UNLOCK TABLES;

--
-- Table structure for table `migrations`
--

DROP TABLE IF EXISTS `migrations`;
/*!40101 SET @saved_cs_client     = @@character_set_client */;
/*!50503 SET character_set_client = utf8mb4 */;
CREATE TABLE `migrations` (
  `id` int unsigned NOT NULL AUTO_INCREMENT,
  `migration` varchar(255) COLLATE utf8mb4_unicode_ci NOT NULL,
  `batch` int NOT NULL,
  PRIMARY KEY (`id`)
) ENGINE=InnoDB AUTO_INCREMENT=6 DEFAULT CHARSET=utf8mb4 COLLATE=utf8mb4_unicode_ci;
/*!40101 SET character_set_client = @saved_cs_client */;

--
-- Dumping data for table `migrations`
--

LOCK TABLES `migrations` WRITE;
/*!40000 ALTER TABLE `migrations` DISABLE KEYS */;
INSERT INTO `migrations` VALUES (1,'2014_10_12_000000_create_users_table',1),(2,'2014_10_12_100000_create_password_resets_table',1),(3,'2019_08_19_000000_create_failed_jobs_table',1),(4,'2022_07_06_125625_create_products_table',1),(5,'2022_07_06_125648_create_reviews_table',1);
/*!40000 ALTER TABLE `migrations` ENABLE KEYS */;
UNLOCK TABLES;

--
-- Table structure for table `password_resets`
--

DROP TABLE IF EXISTS `password_resets`;
/*!40101 SET @saved_cs_client     = @@character_set_client */;
/*!50503 SET character_set_client = utf8mb4 */;
CREATE TABLE `password_resets` (
  `email` varchar(255) COLLATE utf8mb4_unicode_ci NOT NULL,
  `token` varchar(255) COLLATE utf8mb4_unicode_ci NOT NULL,
  `created_at` timestamp NULL DEFAULT NULL,
  KEY `password_resets_email_index` (`email`)
) ENGINE=InnoDB DEFAULT CHARSET=utf8mb4 COLLATE=utf8mb4_unicode_ci;
/*!40101 SET character_set_client = @saved_cs_client */;

--
-- Dumping data for table `password_resets`
--

LOCK TABLES `password_resets` WRITE;
/*!40000 ALTER TABLE `password_resets` DISABLE KEYS */;
/*!40000 ALTER TABLE `password_resets` ENABLE KEYS */;
UNLOCK TABLES;

--
-- Table structure for table `products`
--

DROP TABLE IF EXISTS `products`;
/*!40101 SET @saved_cs_client     = @@character_set_client */;
/*!50503 SET character_set_client = utf8mb4 */;
CREATE TABLE `products` (
  `id` bigint unsigned NOT NULL AUTO_INCREMENT,
  `name` varchar(255) COLLATE utf8mb4_unicode_ci NOT NULL,
  `detail` text COLLATE utf8mb4_unicode_ci NOT NULL,
  `price` decimal(8,2) unsigned NOT NULL,
  `stock_number` int NOT NULL,
  `discount` decimal(8,2) unsigned NOT NULL,
  `created_at` timestamp NULL DEFAULT NULL,
  `updated_at` timestamp NULL DEFAULT NULL,
  PRIMARY KEY (`id`)
) ENGINE=InnoDB AUTO_INCREMENT=151 DEFAULT CHARSET=utf8mb4 COLLATE=utf8mb4_unicode_ci;
/*!40101 SET character_set_client = @saved_cs_client */;

--
-- Dumping data for table `products`
--

LOCK TABLES `products` WRITE;
/*!40000 ALTER TABLE `products` DISABLE KEYS */;
INSERT INTO `products` VALUES (1,'et','Aliquam eos nisi consectetur. Et voluptatem nemo adipisci vero. Voluptatem ipsa numquam molestiae sit dicta qui.',618.00,1,2.00,'2022-07-08 12:13:15','2022-07-08 12:13:15'),(2,'ratione','Et corporis quia nihil earum. Dolores amet aliquam ad aut. Dolore similique maiores ipsam expedita quisquam illo eius. Aperiam sequi est voluptatem.',144.00,3,11.00,'2022-07-08 12:13:15','2022-07-08 12:13:15'),(3,'velit','Est quaerat et aut nihil voluptatem. Sequi dolor cum inventore. Dolorem nobis aut cum.',658.00,6,11.00,'2022-07-08 12:13:15','2022-07-08 12:13:15'),(4,'aut','Dolorem consequatur nostrum possimus quos hic. Non et quam hic est. Autem impedit ea voluptas quas quia. Eaque est ut occaecati quibusdam. Sed et enim autem.',837.00,0,27.00,'2022-07-08 12:13:15','2022-07-08 12:13:15'),(5,'soluta','Aut delectus sit beatae atque hic atque et. Voluptatem et numquam aut nemo. Et repellendus quae ut atque autem delectus veritatis. Harum voluptas modi molestiae. Laborum optio quo est nostrum aut dignissimos.',93.00,2,8.00,'2022-07-08 12:13:15','2022-07-08 12:13:15'),(6,'libero','Deserunt voluptatem quas dicta inventore et debitis veniam. Optio quibusdam omnis eum tempora. Aperiam velit amet aperiam ipsa possimus.',94.00,7,30.00,'2022-07-08 12:13:15','2022-07-08 12:13:15'),(7,'dolores','Placeat fugit est et voluptas qui. Alias sunt quo recusandae omnis. Voluptatem eos reprehenderit voluptatem recusandae. Non incidunt voluptatem sed aut.',471.00,1,26.00,'2022-07-08 12:13:15','2022-07-08 12:13:15'),(8,'possimus','Molestiae aut laborum quos. Quis a vitae numquam aperiam sed consequatur. Aliquid deleniti non enim quod qui.',740.00,0,8.00,'2022-07-08 12:13:15','2022-07-08 12:13:15'),(9,'sed','Rerum nihil dignissimos omnis aspernatur aliquid est nesciunt cumque. Inventore est nostrum assumenda temporibus vero in. Sunt quod voluptatem nemo sed. Eius quia veritatis asperiores quam quae odit voluptatem.',511.00,1,24.00,'2022-07-08 12:13:15','2022-07-08 12:13:15'),(10,'est','Quia beatae fugit iure quae ut. Voluptatem architecto aliquid consectetur eos veniam officiis. Aliquid velit libero ut reprehenderit molestiae expedita.',170.00,0,25.00,'2022-07-08 12:13:15','2022-07-08 12:13:15'),(11,'enim','Vero aut sunt numquam fugit quia. Placeat architecto laudantium voluptatem sint est nostrum. Adipisci quo quidem sint placeat.',594.00,7,3.00,'2022-07-08 12:13:15','2022-07-08 12:13:15'),(12,'consequuntur','Expedita qui ducimus accusamus unde illo. Natus provident id non fugit quos sapiente. Illum in esse dolore aut culpa. Non inventore placeat ullam voluptatem fugit voluptas omnis.',550.00,7,5.00,'2022-07-08 12:13:15','2022-07-08 12:13:15'),(13,'explicabo','Dolorem magnam rerum magni voluptatem distinctio. Corrupti earum aut libero sint dolorem molestias voluptatibus. Fugit ipsam voluptas non illum quia consequatur qui.',844.00,4,29.00,'2022-07-08 12:13:15','2022-07-08 12:13:15'),(14,'ipsa','Consequuntur dolor porro eveniet eligendi est. Est omnis dolorum earum quo sit neque voluptates totam. Sunt earum dolorem libero quia voluptate. Amet rerum minus corporis aliquid atque.',185.00,7,28.00,'2022-07-08 12:13:15','2022-07-08 12:13:15'),(15,'dolorem','Ducimus earum commodi sed ut nam reprehenderit nesciunt. Quisquam perspiciatis natus ut quia. Provident quos inventore est voluptas repellendus. Eius dolore aut voluptatem.',405.00,8,21.00,'2022-07-08 12:13:15','2022-07-08 12:13:15'),(16,'laudantium','Illo consequatur sint sunt corporis cumque illum architecto. Saepe excepturi fugit et tempore aperiam perferendis illo. Sint reprehenderit at dolorem qui.',739.00,0,18.00,'2022-07-08 12:13:15','2022-07-08 12:13:15'),(17,'sint','Maiores quia illum sint optio assumenda dolor dolor accusantium. Voluptatibus deleniti et doloremque soluta amet numquam odit. Aliquam illum maiores rerum ab et.',367.00,5,10.00,'2022-07-08 12:13:15','2022-07-08 12:13:15'),(18,'ea','Voluptatem est libero aut nam voluptates et. Rerum voluptate qui quae id. Vel non ullam consequuntur velit eveniet aut. Quisquam voluptatem in voluptatem sit delectus.',771.00,6,27.00,'2022-07-08 12:13:15','2022-07-08 12:13:15'),(19,'sed','Eos quas aliquid est corporis voluptatibus. Dolore est quo numquam rerum aliquam omnis autem. Rem odio autem aut sit dolor sunt explicabo. Suscipit dicta aspernatur dolorem aliquam sunt laborum.',658.00,8,6.00,'2022-07-08 12:13:16','2022-07-08 12:13:16'),(20,'ducimus','Eius qui officia ad esse sed molestias amet. Quod maiores iste magnam facilis provident vel nobis. At qui nam vel optio est ab minima. Incidunt vitae nobis rerum quia. Quia dolor debitis corporis enim.',442.00,9,11.00,'2022-07-08 12:13:16','2022-07-08 12:13:16'),(21,'laborum','Illum aut consequuntur perspiciatis quia. Eos quis iure aut sunt. Aliquam sapiente cupiditate quas eum. Alias eos quisquam officia commodi autem atque et.',612.00,3,27.00,'2022-07-08 12:13:16','2022-07-08 12:13:16'),(22,'aliquam','Sint omnis dolorum quo natus iste sequi molestiae. Et amet dolores est itaque aut et. Eveniet aliquam sit ea et aut temporibus. Earum neque soluta rerum aut explicabo animi illo velit. Voluptas ducimus quia deleniti.',530.00,0,10.00,'2022-07-08 12:13:16','2022-07-08 12:13:16'),(23,'sed','Molestiae magni culpa non explicabo aut accusamus accusantium. Sapiente ipsa nisi dicta et omnis et aut. Quis consequatur neque ratione laudantium nesciunt qui impedit. Vel sit et omnis consequatur ex aliquid quo.',774.00,3,9.00,'2022-07-08 12:13:16','2022-07-08 12:13:16'),(24,'eum','Provident et impedit provident eos et dolore expedita. Quaerat saepe est officiis asperiores quae. Qui placeat voluptatum hic fugiat. Dolor et maiores et quas id voluptates.',847.00,5,26.00,'2022-07-08 12:13:16','2022-07-08 12:13:16'),(25,'qui','Laborum et voluptas atque quos magni reiciendis molestias quia. Eaque dolorem nesciunt doloribus. Repellat qui mollitia nemo sed dolorem et quia. Non voluptatum perspiciatis aut odit est molestiae.',249.00,0,19.00,'2022-07-08 12:13:16','2022-07-08 12:13:16'),(26,'est','Rem commodi quaerat dolore possimus. Aut provident harum distinctio et vitae nihil. Consequatur et vero non qui nihil. Corporis corporis eaque voluptatem ut quibusdam. Recusandae minima ab aperiam ut.',603.00,3,20.00,'2022-07-08 12:13:16','2022-07-08 12:13:16'),(27,'iusto','Rerum id eum ea assumenda. Nostrum ut dolorem numquam rerum quam voluptatem.',206.00,6,6.00,'2022-07-08 12:13:16','2022-07-08 12:13:16'),(28,'suscipit','Quam et facere labore. Qui vel dolorem omnis mollitia. A dolorum odio incidunt quasi nostrum dolores velit. Ipsum libero officia veritatis eveniet voluptatem.',93.00,5,21.00,'2022-07-08 12:13:16','2022-07-08 12:13:16'),(29,'aut','Corporis ut quod qui ullam consequuntur voluptas. Impedit eius voluptas et voluptatem placeat vitae atque. Pariatur et quos ducimus voluptatibus dolor.',488.00,6,16.00,'2022-07-08 12:13:16','2022-07-08 12:13:16'),(30,'ea','Ipsum repudiandae fuga ipsum iste et. Laboriosam asperiores inventore impedit amet qui. Et voluptatem sequi eius et aut temporibus maxime dolorum. Repellendus libero et sunt. Cum eum impedit in suscipit.',520.00,3,27.00,'2022-07-08 12:13:16','2022-07-08 12:13:16'),(31,'enim','Magni atque blanditiis asperiores eveniet explicabo minus. Ad esse voluptas non magnam quo odio. Quo dolorem et rerum vitae vel doloremque occaecati.',505.00,0,6.00,'2022-07-08 12:13:16','2022-07-08 12:13:16'),(32,'vero','Unde repellendus quo assumenda at non fugit sunt. Odio cumque labore vero repudiandae et. Est saepe occaecati quisquam odit doloremque sed recusandae eius. Eum dolores ab cum ut omnis et.',42.00,8,15.00,'2022-07-08 12:13:16','2022-07-08 12:13:16'),(33,'dolor','Quibusdam et in omnis et est impedit ratione rerum. Corporis ad et voluptas consequuntur iure quos. Autem nesciunt earum beatae.',818.00,1,11.00,'2022-07-08 12:13:16','2022-07-08 12:13:16'),(34,'aliquam','Officiis nemo blanditiis ex provident in accusantium. Error temporibus rerum totam est explicabo debitis sequi quos. Ducimus reiciendis repellendus ad tenetur eum quam repudiandae qui.',195.00,7,27.00,'2022-07-08 12:13:16','2022-07-08 12:13:16'),(35,'ea','Facilis placeat ad molestiae sint aliquam. Qui similique sapiente repellendus rerum. Error placeat numquam est dolorem delectus iusto iure porro.',750.00,8,28.00,'2022-07-08 12:13:16','2022-07-08 12:13:16'),(36,'natus','Sed quisquam eum et ab. Totam quisquam perspiciatis dolore. Eligendi minus nostrum officia quia ea occaecati quia. Quidem deserunt sit doloribus error quidem.',505.00,0,23.00,'2022-07-08 12:13:16','2022-07-08 12:13:16'),(37,'illum','Eos rerum explicabo delectus vitae ut. Dolor iusto provident assumenda iure dolorem. Quos id voluptatem harum quia.',208.00,9,13.00,'2022-07-08 12:13:16','2022-07-08 12:13:16'),(38,'porro','Adipisci et accusamus nostrum non nesciunt et quibusdam sint. Ut sint reprehenderit reiciendis qui deserunt esse. Quisquam id aut repudiandae nesciunt sit ut. Quis et molestias velit aperiam quia commodi debitis. Quas quia commodi alias sint accusamus.',346.00,7,8.00,'2022-07-08 12:13:16','2022-07-08 12:13:16'),(39,'inventore','Praesentium voluptatem est temporibus ullam sed qui. Ea eum ut voluptas odit dicta quae et. Non dolores quis delectus.',518.00,4,22.00,'2022-07-08 12:13:16','2022-07-08 12:13:16'),(40,'earum','Explicabo aut et cumque dolorum. Placeat architecto nesciunt id sit debitis eos esse. Voluptatem et voluptatem id magni at provident nisi et.',482.00,4,19.00,'2022-07-08 12:13:16','2022-07-08 12:13:16'),(41,'vel','Recusandae est beatae blanditiis eum iure. Nemo magnam dicta eum. Cumque enim dolores ut ratione expedita qui.',46.00,7,26.00,'2022-07-08 12:13:16','2022-07-08 12:13:16'),(42,'delectus','Itaque autem quibusdam nulla iure voluptas. Eligendi fuga illum repudiandae enim dolores neque sed doloribus. Sint nisi dicta qui blanditiis esse maiores architecto voluptatem. Earum et veniam et perspiciatis voluptatem.',17.00,4,18.00,'2022-07-08 12:13:16','2022-07-08 12:13:16'),(43,'debitis','Nostrum vitae nesciunt excepturi enim voluptatem labore qui. Itaque autem velit suscipit nobis quia. Et vero earum quo beatae. Enim aut aut voluptatem omnis eaque et impedit.',45.00,7,13.00,'2022-07-08 12:13:16','2022-07-08 12:13:16'),(44,'porro','Quia aut voluptatem error quae et odio a. Perferendis eveniet et harum est quia est earum quidem. Aut quod ducimus qui exercitationem optio ut et.',732.00,2,27.00,'2022-07-08 12:13:16','2022-07-08 12:13:16'),(45,'dolore','Tenetur voluptatem id optio quis distinctio voluptates saepe. Dolorem accusamus voluptas voluptas. Ut et et iusto neque.',848.00,6,6.00,'2022-07-08 12:13:16','2022-07-08 12:13:16'),(46,'quam','Similique a occaecati architecto aut. Dolor facere amet esse sit et et. Iusto reiciendis eligendi hic dolor in et quae.',655.00,4,17.00,'2022-07-08 12:13:16','2022-07-08 12:13:16'),(47,'ducimus','Dolor nulla molestias laborum vitae. Rerum quibusdam enim a. Recusandae voluptas iusto quisquam. Excepturi non beatae maiores dignissimos a aliquid.',485.00,6,29.00,'2022-07-08 12:13:16','2022-07-08 12:13:16'),(48,'sed','Nobis sint eos adipisci quis. Voluptates inventore impedit temporibus. Quia vel quod provident distinctio. Mollitia rerum delectus aut quo mollitia cumque.',706.00,9,17.00,'2022-07-08 12:13:16','2022-07-08 12:13:16'),(49,'non','Soluta qui rerum tempore fugiat molestias ipsam. Aspernatur nobis eaque labore iure expedita. Eius iure officia quod et sint.',861.00,5,22.00,'2022-07-08 12:13:16','2022-07-08 12:13:16'),(50,'excepturi','Harum nostrum sapiente dolorum sed est sit aut. Dolores numquam occaecati eveniet voluptatem asperiores doloremque. Velit perspiciatis cumque et aut. Fugit pariatur odit accusamus.',93.00,0,6.00,'2022-07-08 12:13:16','2022-07-08 12:13:16'),(51,'quisquam','Eius id hic necessitatibus. Sunt quisquam quis eius ut suscipit ducimus inventore. Ea corporis dolores non blanditiis.',570.00,8,25.00,'2022-07-08 12:14:23','2022-07-08 12:14:23'),(52,'omnis','Asperiores laborum corporis suscipit vel. Maiores inventore consequatur officiis quia voluptatibus repudiandae iure qui. Aut consequatur et ea non atque voluptatem.',780.00,0,16.00,'2022-07-08 12:14:23','2022-07-08 12:14:23'),(53,'et','Sequi soluta odio quia. Omnis non eligendi magnam est similique. Quam aspernatur voluptates numquam voluptas.',542.00,6,27.00,'2022-07-08 12:14:23','2022-07-08 12:14:23'),(54,'eum','Fugiat facilis provident cupiditate officia quidem hic. Perspiciatis nemo aliquam sint illo magni tempora. Quasi totam aliquam non ipsa.',284.00,4,8.00,'2022-07-08 12:14:23','2022-07-08 12:14:23'),(55,'voluptates','Quia enim repellendus quo delectus corporis quam minima officiis. Perferendis minima aut pariatur non. Laboriosam facere et veniam sit.',477.00,4,29.00,'2022-07-08 12:14:23','2022-07-08 12:14:23'),(56,'quia','Fuga aut aut error ipsam at aliquid et. Autem autem sunt consequatur molestias. Non similique voluptatem hic beatae nostrum temporibus sed. Odit corporis ut ullam error et in.',304.00,1,29.00,'2022-07-08 12:14:23','2022-07-08 12:14:23'),(57,'minus','Accusantium qui earum est perspiciatis. Veniam ab accusantium dolorum magni nemo. Autem rerum laboriosam expedita beatae.',448.00,8,22.00,'2022-07-08 12:14:23','2022-07-08 12:14:23'),(58,'sit','Quis repudiandae corporis deleniti est laudantium nesciunt. Minus nesciunt labore corporis tempora. Consectetur quia unde quo maxime est fuga.',727.00,5,3.00,'2022-07-08 12:14:23','2022-07-08 12:14:23'),(59,'mollitia','Et voluptas impedit consequatur sapiente. Esse quasi quo quaerat nobis quaerat impedit. Voluptas atque et perspiciatis. Et cumque quaerat ut tempora dolores quam. Tenetur autem delectus dolores sapiente.',667.00,0,25.00,'2022-07-08 12:14:23','2022-07-08 12:14:23'),(60,'accusamus','Qui eum cum cum odio quidem doloribus. Doloribus dolor eligendi pariatur et saepe aut. Accusamus culpa commodi distinctio cumque. Quaerat unde optio id vitae nemo.',739.00,7,7.00,'2022-07-08 12:14:23','2022-07-08 12:14:23'),(61,'voluptas','Eos consequuntur voluptates maiores odit dolor velit. Molestiae ut est sint temporibus expedita incidunt. Hic rerum repellat est consequatur. Ut illum perspiciatis nihil nam.',295.00,6,24.00,'2022-07-08 12:14:23','2022-07-08 12:14:23'),(62,'quisquam','Omnis repellat non tempora consequatur. Est possimus sit reiciendis nulla aliquid consectetur. Reiciendis ratione et commodi eligendi.',548.00,1,11.00,'2022-07-08 12:14:23','2022-07-08 12:14:23'),(63,'eligendi','Maxime expedita ea maiores est provident neque ea. Enim illum asperiores molestiae ipsam et. Sapiente ut maiores asperiores odit consequuntur aut. Commodi asperiores quis tempora aut vel qui molestiae.',610.00,3,15.00,'2022-07-08 12:14:23','2022-07-08 12:14:23'),(64,'sit','Quo praesentium mollitia dolores sit sint quasi. Dolorem possimus sit quia ipsam. Magnam et tenetur voluptate nemo adipisci.',394.00,8,26.00,'2022-07-08 12:14:23','2022-07-08 12:14:23'),(65,'temporibus','Quasi in iusto possimus aut dolor provident. Consequatur voluptas corrupti modi et tenetur consequatur. Suscipit eveniet ullam maiores. A facilis officiis necessitatibus sed porro quod earum.',109.00,0,30.00,'2022-07-08 12:14:23','2022-07-08 12:14:23'),(66,'eum','Voluptates est repellendus nam cumque. Eaque accusantium fuga beatae qui. Vel quia quisquam possimus. Harum laudantium architecto dolorum.',144.00,4,9.00,'2022-07-08 12:14:23','2022-07-08 12:14:23'),(67,'eligendi','Facilis omnis dolorum ea ab et quod. Magni ut temporibus fuga ipsa amet. Doloribus beatae deserunt nihil nostrum tempore quo neque. Ea doloremque repudiandae maiores consequatur voluptatem sunt nemo ut.',538.00,8,13.00,'2022-07-08 12:14:23','2022-07-08 12:14:23'),(68,'enim','Dolor quod quia sit quibusdam dolores atque earum. Officia veritatis dolores eos assumenda est illum officiis. Vitae cupiditate perferendis asperiores dolor voluptatibus quas.',846.00,7,26.00,'2022-07-08 12:14:23','2022-07-08 12:14:23'),(69,'amet','Repudiandae et voluptas et est qui expedita. Et quis dolorem aliquid id dolorem occaecati. Quasi harum tenetur eius qui.',299.00,2,6.00,'2022-07-08 12:14:23','2022-07-08 12:14:23'),(70,'temporibus','Est modi modi et ea ea dolores laudantium. Blanditiis autem libero est. Nisi sit et eligendi ut enim similique. Voluptate ea nostrum quas et qui quia pariatur.',166.00,8,6.00,'2022-07-08 12:14:23','2022-07-08 12:14:23'),(71,'consequatur','Nihil velit qui voluptatibus sequi ut omnis molestiae. Commodi est totam id laudantium maiores earum neque corrupti. Totam dolore impedit voluptatibus. Ducimus perferendis eos delectus. Eligendi natus nam corrupti deleniti doloribus dolorem non.',790.00,4,3.00,'2022-07-08 12:14:23','2022-07-08 12:14:23'),(72,'soluta','A fugit culpa dolor quidem non iusto. Ipsa nihil qui quod nihil placeat itaque. Eos aliquid aut aut. Ea at enim et est.',160.00,2,4.00,'2022-07-08 12:14:23','2022-07-08 12:14:23'),(73,'et','A unde consequatur repudiandae et assumenda. Et enim quas aliquid. Molestias hic aut quo eius magnam. Recusandae neque tempora quis et rerum tenetur facilis.',45.00,2,22.00,'2022-07-08 12:14:23','2022-07-08 12:14:23'),(74,'ratione','Maxime aut numquam est consequatur et pariatur. Et asperiores voluptate saepe doloribus cupiditate sint. Corporis in in harum ratione qui reiciendis.',426.00,0,5.00,'2022-07-08 12:14:23','2022-07-08 12:14:23'),(75,'laborum','Modi quae corrupti ad aliquid dolorum. Nihil eius vero aut quia voluptatem nulla odio. Est quam quibusdam aut eaque rerum.',513.00,9,30.00,'2022-07-08 12:14:23','2022-07-08 12:14:23'),(76,'mollitia','Quos et consectetur autem iste quo autem. Dolorem exercitationem sunt adipisci molestiae totam non. Quo voluptas amet soluta consequatur quia hic voluptate. Ducimus aut ad in repellendus ullam dolores culpa.',28.00,6,14.00,'2022-07-08 12:14:23','2022-07-08 12:14:23'),(77,'quia','Natus veritatis adipisci ut commodi non. Amet repudiandae maxime laborum necessitatibus dolorem tenetur. Nobis molestias veritatis omnis pariatur necessitatibus rem mollitia.',436.00,8,7.00,'2022-07-08 12:14:23','2022-07-08 12:14:23'),(78,'quo','Exercitationem ut amet est assumenda. Maxime temporibus consequatur non est est eius quae. Eveniet accusantium illo consequatur et in.',62.00,5,20.00,'2022-07-08 12:14:23','2022-07-08 12:14:23'),(79,'doloribus','Voluptates quo officiis rerum praesentium corporis nam velit. Rerum aut qui sit officia enim perspiciatis.',676.00,3,3.00,'2022-07-08 12:14:23','2022-07-08 12:14:23'),(80,'quasi','Hic voluptatem soluta temporibus temporibus quo. Ab dicta ut facilis adipisci consequatur tempore. Sint hic saepe corrupti nam corporis unde dicta ut.',143.00,3,16.00,'2022-07-08 12:14:23','2022-07-08 12:14:23'),(81,'ipsam','Necessitatibus incidunt unde commodi velit tenetur. Praesentium qui facilis est omnis. Aperiam a suscipit ut.',319.00,4,6.00,'2022-07-08 12:14:23','2022-07-08 12:14:23'),(82,'soluta','Dicta id earum sequi ab eligendi est. Libero officia quia minima voluptatem. Eaque aut aliquam fugit voluptatem in eaque. Molestiae in et esse. Molestiae occaecati exercitationem eos incidunt.',805.00,7,29.00,'2022-07-08 12:14:23','2022-07-08 12:14:23'),(83,'et','Eum odit animi placeat facilis maiores a. Inventore accusantium expedita vitae enim aliquid voluptatem cupiditate. Ut mollitia animi ea esse aspernatur laborum aut.',728.00,2,29.00,'2022-07-08 12:14:23','2022-07-08 12:14:23'),(84,'tempora','Aut repellat accusamus dolorem sint. Est nobis sed asperiores error. Nesciunt sed est ut at iusto. Voluptatibus consequatur in reiciendis corporis unde possimus corporis. Eligendi quis qui reprehenderit pariatur veritatis id sit.',624.00,2,5.00,'2022-07-08 12:14:23','2022-07-08 12:14:23'),(85,'consequatur','Harum quia minima officia quos provident debitis. Perferendis et eum sed dolores maiores sint et. Voluptas maxime aspernatur velit inventore.',367.00,3,25.00,'2022-07-08 12:14:23','2022-07-08 12:14:23'),(86,'asperiores','Animi nesciunt repellat eaque ducimus. Natus rem et sunt quaerat corrupti. Et vero eius consequatur omnis sunt. Consequatur error hic fugiat aliquam soluta.',23.00,7,5.00,'2022-07-08 12:14:23','2022-07-08 12:14:23'),(87,'est','Tenetur autem similique laboriosam animi similique quae quaerat nihil. Et labore beatae voluptas quos. Corporis culpa animi vero.',195.00,4,25.00,'2022-07-08 12:14:23','2022-07-08 12:14:23'),(88,'atque','Accusantium accusamus culpa qui asperiores nihil rem. Modi cumque ea iure repudiandae. Qui voluptate fuga expedita totam dolores rerum reprehenderit.',261.00,8,22.00,'2022-07-08 12:14:23','2022-07-08 12:14:23'),(89,'eum','Qui rerum in veritatis et. Adipisci cumque voluptatem qui unde autem qui quis. Necessitatibus autem harum et quia natus nihil. Saepe exercitationem voluptatem culpa quia totam itaque.',247.00,7,12.00,'2022-07-08 12:14:23','2022-07-08 12:14:23'),(90,'eum','Et aut deleniti sed provident aut consequatur. Sequi iste iste officia eum modi et. Culpa consequatur temporibus autem officiis quaerat facilis totam. Inventore expedita rem beatae quia ut dicta dolores amet. Sunt laborum iusto quia et veritatis consequatur.',832.00,3,29.00,'2022-07-08 12:14:23','2022-07-08 12:14:23'),(91,'cupiditate','Est maxime aut placeat porro quo earum. Et deserunt aut vitae soluta. Laudantium qui voluptas laborum voluptatum.',306.00,8,11.00,'2022-07-08 12:14:23','2022-07-08 12:14:23'),(92,'sunt','Labore architecto excepturi magnam cum. Id porro soluta itaque ullam architecto maxime recusandae. Eveniet optio voluptates esse quia et labore. Dolores rerum et perferendis alias voluptates consequatur.',111.00,5,25.00,'2022-07-08 12:14:23','2022-07-08 12:14:23'),(93,'cumque','Tempora consequatur neque qui maiores. Quibusdam molestias rerum qui molestiae quos aut. Aut nulla rerum non qui occaecati alias laboriosam. Est placeat voluptates sit cupiditate fugiat deleniti.',851.00,6,17.00,'2022-07-08 12:14:23','2022-07-08 12:14:23'),(94,'pariatur','Vel facere voluptatum ut sequi amet porro. Nam repellat minus perspiciatis facere iure vel. Eius eveniet atque repudiandae voluptate porro exercitationem. Vero inventore dolor et.',206.00,6,22.00,'2022-07-08 12:14:23','2022-07-08 12:14:23'),(95,'ullam','Dolore ullam quia sed quis. Earum qui unde neque aspernatur in. Dolorum consequatur quae reiciendis vel blanditiis aspernatur.',712.00,2,14.00,'2022-07-08 12:14:23','2022-07-08 12:14:23'),(96,'aut','Unde illo veritatis corrupti. Non nemo sit est fuga dolores est nobis deserunt. Consequatur expedita totam vitae corporis ullam voluptas non. Dolorem et nihil ea illo ducimus iusto.',651.00,3,16.00,'2022-07-08 12:14:23','2022-07-08 12:14:23'),(97,'saepe','Esse omnis eveniet mollitia dolores quia ut aliquid. Deserunt labore aut voluptatum. Est dolore quas dolorem mollitia voluptatem provident assumenda.',712.00,1,16.00,'2022-07-08 12:14:23','2022-07-08 12:14:23'),(98,'maiores','Nesciunt maxime sint ducimus animi ipsa dignissimos. Et voluptatem impedit et quaerat. Perspiciatis accusamus non et iusto est voluptas. Nesciunt rem quae est minima.',887.00,4,28.00,'2022-07-08 12:14:23','2022-07-08 12:14:23'),(99,'voluptatem','Mollitia distinctio officia fuga maxime. Aliquid amet minima quasi deserunt aut asperiores assumenda. Et voluptatem hic est error qui optio.',309.00,5,17.00,'2022-07-08 12:14:23','2022-07-08 12:14:23'),(100,'ipsa','Aperiam harum fugiat quidem voluptatem. Ea qui rerum ea perferendis quidem animi deserunt. Delectus tempora dolor dolor quisquam consectetur maiores vel.',839.00,1,6.00,'2022-07-08 12:14:23','2022-07-08 12:14:23'),(101,'quod','Saepe eum soluta saepe quod aspernatur. Aut est numquam perspiciatis ab error consequuntur et. Consequatur rem quam earum illum ipsam voluptates.',87.00,0,27.00,'2022-07-08 12:15:01','2022-07-08 12:15:01'),(102,'deleniti','Aut minus iste rem inventore voluptatem natus. Libero ut fuga pariatur natus. Autem excepturi qui qui id aut.',97.00,5,27.00,'2022-07-08 12:15:01','2022-07-08 12:15:01'),(103,'aut','Quaerat sequi rerum doloribus ipsam ipsam in. Ea quo sint sit sed. Deserunt sit quis alias et minus. Omnis corporis qui et ut mollitia omnis.',777.00,0,27.00,'2022-07-08 12:15:01','2022-07-08 12:15:01'),(104,'mollitia','Et repudiandae et quo error odio occaecati. Sequi quasi quo impedit labore incidunt facere tenetur. Impedit qui et velit sapiente est.',507.00,2,26.00,'2022-07-08 12:15:01','2022-07-08 12:15:01'),(105,'officia','Facilis id accusamus accusantium. Voluptas eveniet placeat autem quisquam. Quis quae explicabo sunt veritatis eos fuga ut. Quia in non in alias in qui nisi.',262.00,2,8.00,'2022-07-08 12:15:01','2022-07-08 12:15:01'),(106,'dolorum','Molestiae voluptatibus tempora eum quibusdam iure facere. Dolorem rerum officia aspernatur. Et quidem suscipit ea voluptatem iusto saepe.',577.00,6,17.00,'2022-07-08 12:15:01','2022-07-08 12:15:01'),(107,'in','Dolorum consequatur rerum quia fugit aliquam quidem ea autem. Culpa eos aut maiores corrupti minima cupiditate. Ut quia ad quas et molestiae est. Quos voluptatibus minus rerum vero velit autem et.',562.00,6,14.00,'2022-07-08 12:15:01','2022-07-08 12:15:01'),(108,'quas','Vel vel sapiente aut perferendis adipisci ducimus. Ut ut quisquam suscipit amet maiores quos explicabo. Temporibus qui expedita doloremque nostrum et quasi laboriosam. Eius totam velit est provident sit.',201.00,5,12.00,'2022-07-08 12:15:01','2022-07-08 12:15:01'),(109,'sunt','Debitis excepturi ipsam consectetur et ex voluptates. Sunt ullam molestias voluptatem et harum id aut. Qui aut ducimus molestias. Consequuntur est in necessitatibus laborum consequatur.',800.00,2,30.00,'2022-07-08 12:15:01','2022-07-08 12:15:01'),(110,'et','Est vero omnis ab rem soluta qui. Animi odit adipisci sint ut odio. Voluptate laborum omnis earum totam doloribus eveniet.',377.00,8,13.00,'2022-07-08 12:15:01','2022-07-08 12:15:01'),(111,'modi','Ad nam dolorum at sequi accusamus. Voluptatem voluptatibus consectetur atque cumque aut sapiente autem. In nobis labore nisi repellat blanditiis. Illo assumenda soluta non voluptatum. Ullam aspernatur quo sequi aut facere est voluptas occaecati.',559.00,1,7.00,'2022-07-08 12:15:01','2022-07-08 12:15:01'),(112,'deserunt','Ipsum consequatur consectetur provident ea rem inventore nam perferendis. Qui sed dignissimos est dolorum dolorem quidem. Commodi asperiores facere mollitia voluptas. Eos dolor ut deserunt aut et maxime. Nisi deleniti minus dolorem quis accusamus soluta animi reiciendis.',719.00,0,2.00,'2022-07-08 12:15:01','2022-07-08 12:15:01'),(113,'perferendis','Sed tenetur quisquam consequatur non asperiores consectetur ex sed. Dignissimos et eos cum. Sequi quisquam ut eaque. Libero dicta aliquam est ipsum praesentium eveniet.',234.00,0,13.00,'2022-07-08 12:15:01','2022-07-08 12:15:01'),(114,'nam','Ut facere nobis molestias consectetur dolores. Non quia sit esse sed quisquam aut. In rerum nisi tenetur consequatur ab. Cupiditate necessitatibus in in alias natus qui rerum.',235.00,7,3.00,'2022-07-08 12:15:01','2022-07-08 12:15:01'),(115,'quibusdam','Sed fugit delectus illum sequi saepe veritatis et. Nobis nihil magnam eos veritatis saepe voluptate rem. Corrupti odit est quod et. Harum dolorem dolores accusamus a aliquid facere.',303.00,6,22.00,'2022-07-08 12:15:01','2022-07-08 12:15:01'),(116,'voluptates','Optio dolor saepe tenetur culpa aspernatur quibusdam. Eius magnam enim neque non vel laboriosam. Facere soluta exercitationem voluptas eaque. Unde maiores temporibus minima dolore officia qui libero consequuntur.',315.00,0,22.00,'2022-07-08 12:15:01','2022-07-08 12:15:01'),(117,'quia','Quaerat consequatur consequuntur omnis voluptas est fuga. Aliquid culpa laborum in explicabo et cum omnis. Accusantium est ut numquam qui ea.',223.00,4,6.00,'2022-07-08 12:15:01','2022-07-08 12:15:01'),(118,'fugit','Inventore ea aliquam modi optio aut consequatur. Autem natus eos architecto iste omnis qui facere. Aut facilis amet ipsam soluta magnam. Magni rerum quod deleniti consequatur nihil placeat.',175.00,4,5.00,'2022-07-08 12:15:01','2022-07-08 12:15:01'),(119,'sit','Odio mollitia enim sint nostrum deserunt. Mollitia sequi cupiditate consequatur sit magni quibusdam qui. Est debitis earum doloremque provident aut consequuntur. Possimus et earum consequuntur est perspiciatis. Perspiciatis minus tempore omnis nobis.',708.00,6,25.00,'2022-07-08 12:15:01','2022-07-08 12:15:01'),(120,'est','Est itaque inventore aut ab consectetur nulla. Sint quis et accusantium molestiae odit. Velit et explicabo explicabo velit.',300.00,9,11.00,'2022-07-08 12:15:01','2022-07-08 12:15:01'),(121,'a','Dolorem libero odio qui velit. Iste fugiat temporibus dolorum. Reprehenderit molestiae perspiciatis et ipsam sit inventore.',807.00,5,20.00,'2022-07-08 12:15:01','2022-07-08 12:15:01'),(122,'molestiae','Corporis saepe nisi dolorum explicabo. Eligendi voluptatum omnis in ut qui.',87.00,5,5.00,'2022-07-08 12:15:01','2022-07-08 12:15:01'),(123,'repellendus','Ut doloremque iusto possimus ducimus est et nisi. Impedit natus itaque non. Ad sequi qui repellat ea dolor perferendis. Expedita culpa debitis vel eos doloribus deleniti cupiditate.',510.00,9,21.00,'2022-07-08 12:15:01','2022-07-08 12:15:01'),(124,'animi','Culpa esse veniam magni iste. Ut debitis ut repudiandae dolorem sit. Quisquam velit eligendi nihil similique atque. Quia voluptates similique et reiciendis et tempore error.',768.00,0,27.00,'2022-07-08 12:15:01','2022-07-08 12:15:01'),(125,'ipsam','Distinctio aliquam a sed impedit. Ut qui non sed fugit perspiciatis iure et. Id non odio quo architecto quae rerum.',631.00,1,9.00,'2022-07-08 12:15:01','2022-07-08 12:15:01'),(126,'eos','Minus et inventore dignissimos cum et qui. Rerum id quisquam voluptas sed in qui. Ut officiis sequi et eligendi facilis. Explicabo at voluptatem esse expedita aliquid aut. Totam dolorum asperiores sit cum ipsa pariatur repellat.',147.00,2,24.00,'2022-07-08 12:15:01','2022-07-08 12:15:01'),(127,'quia','Quo dolores perferendis maxime cum non non est. Et velit dolor nobis vitae rem repellendus. Omnis reprehenderit iste itaque laudantium quas. Ullam ducimus in ut laboriosam aliquam quod itaque in.',618.00,0,19.00,'2022-07-08 12:15:01','2022-07-08 12:15:01'),(128,'asperiores','Aut consequatur modi cumque ullam voluptatem. Quia ea enim enim perspiciatis nisi placeat. Ab adipisci ratione fuga veritatis et est laboriosam. Odit ut dolorem et sint id.',741.00,8,9.00,'2022-07-08 12:15:01','2022-07-08 12:15:01'),(129,'enim','Maiores explicabo quisquam enim officiis maiores illo ipsam maxime. Quas impedit a consequatur accusamus. Dolores aut ut incidunt accusantium explicabo molestiae distinctio et.',785.00,6,17.00,'2022-07-08 12:15:01','2022-07-08 12:15:01'),(130,'et','Voluptatibus est illum est ut. Voluptas ipsa a sit doloremque. Consequatur sed voluptates ratione ratione assumenda. Nemo aperiam amet consequatur voluptate animi.',782.00,0,4.00,'2022-07-08 12:15:01','2022-07-08 12:15:01'),(131,'exercitationem','Quibusdam ut ut esse tempore. Officiis fuga quasi eaque enim illum voluptatem.',5.00,8,25.00,'2022-07-08 12:15:01','2022-07-08 12:15:01'),(132,'voluptas','Qui et id reprehenderit ipsa. Libero dolores repellendus sequi. Animi tempore quia et est et excepturi. Velit illo aut accusantium. Aut magni architecto dicta quis.',70.00,7,12.00,'2022-07-08 12:15:01','2022-07-08 12:15:01'),(133,'sint','Maxime hic aperiam laboriosam aut voluptate enim. Aliquid non atque voluptate animi et aspernatur et. Quaerat illum quaerat eveniet rem in recusandae fuga. Aut consequatur vel alias vel quibusdam earum dolores.',20.00,8,24.00,'2022-07-08 12:15:01','2022-07-08 12:15:01'),(134,'sit','Dicta numquam sapiente harum aliquid ratione saepe. Corporis quam repudiandae nobis alias eaque quo vero.',773.00,6,15.00,'2022-07-08 12:15:01','2022-07-08 12:15:01'),(135,'et','Odio et voluptatem consequatur. Rerum quod accusantium quo incidunt cupiditate sunt error. Exercitationem provident numquam nihil deserunt quidem impedit sapiente. Et tenetur rerum distinctio aut reprehenderit consequatur dignissimos temporibus. Aut rerum quisquam voluptas quia pariatur.',543.00,3,30.00,'2022-07-08 12:15:01','2022-07-08 12:15:01'),(136,'dolor','Nam ad maiores ut et nobis inventore. Doloribus dolores perferendis totam minima.',358.00,8,26.00,'2022-07-08 12:15:01','2022-07-08 12:15:01'),(137,'et','Qui repellendus qui neque et. Alias molestiae voluptatem autem provident deleniti.',19.00,4,28.00,'2022-07-08 12:15:01','2022-07-08 12:15:01'),(138,'dignissimos','Expedita nisi impedit esse adipisci. Error quam autem quia maiores aliquid. Sit nihil quisquam dolorem laudantium itaque. Et voluptas odio aliquid quisquam expedita.',715.00,8,13.00,'2022-07-08 12:15:01','2022-07-08 12:15:01'),(139,'corrupti','Tenetur quibusdam neque molestias et mollitia. Reprehenderit consectetur et illum ea. Necessitatibus placeat dolorem nihil nemo quia.',773.00,2,5.00,'2022-07-08 12:15:01','2022-07-08 12:15:01'),(140,'beatae','Sit pariatur et soluta quia. Totam aut nesciunt qui molestias. Unde incidunt consequuntur sapiente doloremque necessitatibus deleniti accusantium laboriosam.',562.00,8,12.00,'2022-07-08 12:15:01','2022-07-08 12:15:01'),(141,'dolores','Omnis ut qui eaque dignissimos suscipit. Ipsa optio laborum quam necessitatibus. Eligendi molestiae ipsam exercitationem ex voluptas sapiente. Sit ea qui eum odio atque enim omnis.',405.00,5,13.00,'2022-07-08 12:15:01','2022-07-08 12:15:01'),(142,'tempora','Neque provident minus autem quo provident non. Saepe doloremque reprehenderit eum id tenetur omnis similique. Quia tenetur quia pariatur aut cupiditate quis ipsa et.',406.00,1,15.00,'2022-07-08 12:15:01','2022-07-08 12:15:01'),(143,'nam','Est ut ipsa delectus. Mollitia deleniti ipsa quis eos minus dolor nulla molestias.',83.00,8,10.00,'2022-07-08 12:15:01','2022-07-08 12:15:01'),(144,'sint','Labore fuga cumque perspiciatis sapiente cumque beatae. Officiis est consequatur ipsum assumenda at. Sint dignissimos inventore quia perferendis fuga molestias et distinctio. Odio reiciendis dolor nobis nemo molestiae.',673.00,3,10.00,'2022-07-08 12:15:01','2022-07-08 12:15:01'),(145,'est','Numquam beatae libero et odio reprehenderit libero nihil recusandae. Ad blanditiis et porro nesciunt culpa quia. Et dicta et illo nemo reprehenderit.',319.00,6,27.00,'2022-07-08 12:15:01','2022-07-08 12:15:01'),(146,'delectus','Totam aperiam quos perspiciatis optio natus. Hic labore omnis quos sed sit deserunt. Unde dolores eum quia recusandae aut ut. Porro nesciunt et suscipit asperiores et unde temporibus.',373.00,1,5.00,'2022-07-08 12:15:01','2022-07-08 12:15:01'),(147,'excepturi','Non ex expedita sequi error quia excepturi. Culpa non perferendis nihil praesentium. Ratione aperiam est ducimus modi itaque ea maxime.',898.00,8,15.00,'2022-07-08 12:15:01','2022-07-08 12:15:01'),(148,'vel','Perspiciatis quia autem praesentium accusantium sequi delectus quis velit. Incidunt quaerat rerum cum. Ab debitis sint est ratione est eaque quia. Sit natus cumque voluptatum esse velit debitis accusamus.',717.00,7,14.00,'2022-07-08 12:15:01','2022-07-08 12:15:01'),(149,'recusandae','Est consequuntur et aliquam aliquam. Omnis voluptate dolorum ut odio ratione quibusdam. Consequuntur molestiae dicta reprehenderit harum sit voluptatem iste. Maxime laboriosam asperiores exercitationem praesentium veniam illo.',327.00,0,18.00,'2022-07-08 12:15:01','2022-07-08 12:15:01'),(150,'nostrum','Odit cum et necessitatibus nesciunt voluptatibus. Laudantium eum voluptatem voluptatem corrupti quo aut voluptatum. Qui sapiente nihil et reiciendis non pariatur impedit.',156.00,7,17.00,'2022-07-08 12:15:01','2022-07-08 12:15:01');
/*!40000 ALTER TABLE `products` ENABLE KEYS */;
UNLOCK TABLES;

--
-- Table structure for table `reviews`
--

DROP TABLE IF EXISTS `reviews`;
/*!40101 SET @saved_cs_client     = @@character_set_client */;
/*!50503 SET character_set_client = utf8mb4 */;
CREATE TABLE `reviews` (
  `id` bigint unsigned NOT NULL AUTO_INCREMENT,
  `product_id` bigint unsigned NOT NULL,
  `customer_name` varchar(255) COLLATE utf8mb4_unicode_ci NOT NULL,
  `review` text COLLATE utf8mb4_unicode_ci NOT NULL,
  `rating` int NOT NULL,
  `created_at` timestamp NULL DEFAULT NULL,
  `updated_at` timestamp NULL DEFAULT NULL,
  PRIMARY KEY (`id`),
  KEY `reviews_product_id_index` (`product_id`),
  CONSTRAINT `reviews_product_id_foreign` FOREIGN KEY (`product_id`) REFERENCES `products` (`id`) ON DELETE CASCADE
) ENGINE=InnoDB AUTO_INCREMENT=301 DEFAULT CHARSET=utf8mb4 COLLATE=utf8mb4_unicode_ci;
/*!40101 SET character_set_client = @saved_cs_client */;

--
-- Dumping data for table `reviews`
--

LOCK TABLES `reviews` WRITE;
/*!40000 ALTER TABLE `reviews` DISABLE KEYS */;
INSERT INTO `reviews` VALUES (1,66,'Ashly Leuschke','Et odit hic a saepe aut dolores eum vel. Quam dolores assumenda pariatur maiores occaecati. Unde officiis atque cum similique aperiam dolor et corrupti. Esse aut magni molestiae.',5,'2022-07-08 12:15:02','2022-07-08 12:15:02'),(2,89,'Delphia Greenholt','Laborum praesentium reprehenderit molestiae beatae. Autem tempora et labore explicabo dolor at. Accusantium aliquam consequatur eveniet labore ut perferendis mollitia enim.',0,'2022-07-08 12:15:02','2022-07-08 12:15:02'),(3,75,'Rosa Considine III','Laboriosam aut nisi possimus et sit. Quia optio molestias nihil saepe neque dolor. Tenetur in qui pariatur fugit harum.',2,'2022-07-08 12:15:02','2022-07-08 12:15:02'),(4,145,'Arlie Gleichner','Voluptas qui quia laudantium rem. Et qui sit repellendus suscipit recusandae eveniet. Necessitatibus consequatur exercitationem et.',2,'2022-07-08 12:15:02','2022-07-08 12:15:02'),(5,54,'Mabelle Schiller','Assumenda nihil corrupti quo nesciunt tempore. Qui sapiente consequatur saepe dolores. Rerum aperiam aut accusantium temporibus commodi non et. Ipsa consequatur pariatur commodi explicabo est accusantium natus.',2,'2022-07-08 12:15:02','2022-07-08 12:15:02'),(6,65,'Erick Kerluke','Non est dolore fugiat ipsum. Omnis molestias fugit officia non sit rem sit. Reprehenderit aut est assumenda quidem. Rem quis eum reprehenderit ex.',0,'2022-07-08 12:15:02','2022-07-08 12:15:02'),(7,2,'Green Wolf','Dignissimos minus architecto ducimus et sunt alias. Sit velit vel impedit ducimus voluptas. Dolores dolore aut et est dolores soluta. Minus quasi ut natus optio necessitatibus et et architecto.',5,'2022-07-08 12:15:02','2022-07-08 12:15:02'),(8,140,'Ms. Florine Nolan DVM','Molestiae ipsum in qui totam veritatis dolorem. Quasi amet corporis sit cum magnam.',3,'2022-07-08 12:15:02','2022-07-08 12:15:02'),(9,85,'Mr. Napoleon Windler Jr.','Distinctio accusamus deleniti ut praesentium error voluptatum. Eum doloremque perferendis facilis dolores ducimus debitis sit. Quod aut quia amet. Voluptatibus animi eos ab veritatis.',2,'2022-07-08 12:15:02','2022-07-08 12:15:02'),(10,102,'Chet Bartoletti DDS','Non doloribus laudantium dolores omnis et et. Ipsam quasi dolorum est aut ut voluptatem ut eos. Consectetur minus eligendi est aut dignissimos modi. Laudantium fugiat qui aut consequatur quidem facere.',2,'2022-07-08 12:15:02','2022-07-08 12:15:02'),(11,60,'Annamae Cremin','Qui quia non voluptatem quaerat qui tempore ipsum eveniet. Perferendis et iste beatae harum eius. Qui dolores amet velit et delectus pariatur quo.',3,'2022-07-08 12:15:02','2022-07-08 12:15:02'),(12,64,'Mrs. Sydnee Bogisich V','Ea et sequi fuga distinctio. Placeat id dolorem ut dignissimos et et. Iure repellat ullam sed consequuntur corrupti veritatis.',3,'2022-07-08 12:15:02','2022-07-08 12:15:02'),(13,40,'Trystan Hauck','Sint omnis dolores enim libero. Et consequatur dolor voluptas provident. Aliquam laborum asperiores et excepturi enim excepturi.',5,'2022-07-08 12:15:03','2022-07-08 12:15:03'),(14,65,'Prof. Braeden Rodriguez DDS','Voluptatum ut repellendus ipsa quidem animi. Vitae nam iusto deserunt ut ea numquam. Et ipsum ipsam rerum minus officia.',5,'2022-07-08 12:15:03','2022-07-08 12:15:03'),(15,73,'Prof. Jimmy Hayes','Deleniti aspernatur vel qui maiores sed illo. Natus placeat voluptatum perferendis illum quasi exercitationem. Aut rem in ut. Dolor vitae ut sint autem expedita.',1,'2022-07-08 12:15:03','2022-07-08 12:15:03'),(16,138,'Prof. Avery Kutch V','Sunt sit consequatur suscipit nostrum minima. Quod cupiditate optio omnis accusantium officiis cupiditate. Enim consequatur nulla in. Aut molestiae temporibus cumque consectetur harum. Officia quam reiciendis rerum pariatur qui ducimus.',2,'2022-07-08 12:15:03','2022-07-08 12:15:03'),(17,96,'Bartholome Rolfson PhD','Adipisci ducimus beatae repudiandae voluptatibus tempore tempore sint voluptas. Est sapiente sit nulla ullam dolor. Voluptate rerum non accusantium officia inventore nihil nam consequuntur.',0,'2022-07-08 12:15:03','2022-07-08 12:15:03'),(18,43,'Prof. Alverta Reynolds','Aspernatur quo temporibus ipsa quae. Nostrum iste tempora necessitatibus est fugiat pariatur. Quia voluptate debitis molestias fuga corporis qui nobis doloremque. Nemo perferendis atque voluptas non consequuntur est quia.',4,'2022-07-08 12:15:03','2022-07-08 12:15:03'),(19,3,'Prof. Isaac Dibbert Jr.','Voluptatem accusantium rerum libero suscipit mollitia. Quia qui velit sed pariatur corrupti pariatur. Ad omnis voluptatem assumenda aut. Cumque et autem vel est.',1,'2022-07-08 12:15:03','2022-07-08 12:15:03'),(20,148,'Miss Hilma Wiza','Sit ipsam aspernatur quaerat consequatur et eos. Mollitia veritatis voluptates voluptatem voluptas ut odio ut. Maxime et et voluptatem odio voluptatum sed. Aut tempora enim tempore debitis reprehenderit nisi voluptatem. Velit et tempora ab et non saepe.',5,'2022-07-08 12:15:03','2022-07-08 12:15:03'),(21,133,'Carmela Kunze III','Omnis repellat commodi aut aut quis dolores. Pariatur qui cupiditate saepe commodi. Ea neque tempora aperiam aspernatur porro eaque. Delectus nihil aut odit at.',1,'2022-07-08 12:15:03','2022-07-08 12:15:03'),(22,23,'Lucio Ankunding I','Laudantium qui fugiat reiciendis earum cupiditate. Est id ex quis. Distinctio non ea sed quae.',2,'2022-07-08 12:15:03','2022-07-08 12:15:03'),(23,57,'Laverne Graham','In aut sequi necessitatibus. Quia iure et adipisci voluptate non voluptas. Eligendi eaque corporis est aliquid.',4,'2022-07-08 12:15:03','2022-07-08 12:15:03'),(24,70,'Dr. Favian Larson','Eos vel velit sed totam sint expedita. Ducimus quis commodi illum ut dolor quidem consectetur. Voluptate quod atque sunt quos in mollitia maxime. Quisquam ut consequatur modi et maxime vel.',0,'2022-07-08 12:15:03','2022-07-08 12:15:03'),(25,106,'Elvis Metz Sr.','Odit et sed eos nobis. Sed adipisci corrupti tenetur dolorem perferendis cupiditate odio.',4,'2022-07-08 12:15:03','2022-07-08 12:15:03'),(26,57,'Prof. Golda Reichel','Iusto voluptates labore nisi fuga totam. Est distinctio dolore magni facere. Voluptas qui et in facere exercitationem et sunt.',5,'2022-07-08 12:15:03','2022-07-08 12:15:03'),(27,3,'Manuel Renner','Est optio consequatur nobis aut aliquid accusamus. Et sed quaerat doloremque error. Quo debitis sint suscipit molestias. Accusamus omnis voluptas quas assumenda ratione distinctio.',5,'2022-07-08 12:15:03','2022-07-08 12:15:03'),(28,22,'Rosanna O\'Reilly MD','Quis est nulla in et accusantium pariatur voluptates. Omnis veritatis est natus doloremque voluptatem aliquam quia nesciunt. Pariatur atque perferendis optio nostrum omnis.',3,'2022-07-08 12:15:03','2022-07-08 12:15:03'),(29,95,'Cameron Breitenberg','Quasi esse ea consequuntur ut possimus. Qui rerum ut eos dignissimos. Laboriosam reiciendis voluptatibus rem autem minus necessitatibus. Quia qui et error.',5,'2022-07-08 12:15:03','2022-07-08 12:15:03'),(30,93,'Prof. Richard Ullrich','Quos omnis nulla numquam quis sed dolore expedita. Perspiciatis qui dicta et blanditiis. Est deserunt ex corrupti unde explicabo nobis. Totam porro culpa voluptas quis.',5,'2022-07-08 12:15:03','2022-07-08 12:15:03'),(31,91,'Arielle Swift','Voluptas delectus fugiat harum autem qui et. Et iusto nesciunt velit quas. Ut deserunt reprehenderit suscipit nulla sapiente sint. Sapiente praesentium cupiditate dolor tenetur. Veniam fugit delectus sapiente corrupti cum et nihil.',4,'2022-07-08 12:15:03','2022-07-08 12:15:03'),(32,147,'Trey Windler','Sunt et totam ratione. Doloremque enim facilis magnam id ut at deserunt. Dolore voluptatem quo exercitationem sint. Qui quas consequatur mollitia est voluptas perspiciatis neque.',5,'2022-07-08 12:15:03','2022-07-08 12:15:03'),(33,88,'Mrs. Elda Turner MD','Velit accusamus debitis nobis praesentium. Ipsum voluptate eum beatae. In facilis facilis aut suscipit voluptatem. Illo sapiente consectetur et dolorem et dolorum.',1,'2022-07-08 12:15:03','2022-07-08 12:15:03'),(34,69,'Emmanuelle Will DVM','Beatae asperiores et atque explicabo optio. Itaque tenetur nam labore voluptatem dolore labore dolores.',5,'2022-07-08 12:15:03','2022-07-08 12:15:03'),(35,12,'Dr. Dexter Tromp DVM','Molestiae aut optio earum dolores. Consequatur non distinctio consequuntur. Rerum dolor voluptas quisquam rem quae eum blanditiis.',2,'2022-07-08 12:15:03','2022-07-08 12:15:03'),(36,86,'Nigel Beier','Dolore corporis quis eveniet quo quas. Et ea et exercitationem quaerat eum. Ea iure voluptatem pariatur et eaque facere dignissimos temporibus.',2,'2022-07-08 12:15:03','2022-07-08 12:15:03'),(37,46,'Prof. Audrey Koch','Vel consequuntur dolores tempora nemo dolor molestias. Cum qui architecto facere nulla nobis nulla. Similique magnam labore sint consequatur aut earum.',3,'2022-07-08 12:15:03','2022-07-08 12:15:03'),(38,13,'Louvenia Yundt','Autem doloremque sit dolores aut. Et cum unde minus officia dolorum. Aut ut debitis consequatur non nisi voluptas.',1,'2022-07-08 12:15:03','2022-07-08 12:15:03'),(39,85,'Dr. Tyler Davis Jr.','Ut earum corrupti et sunt illum molestiae quidem. Sed sit quia eveniet eos sed saepe tenetur. Eligendi veniam iure labore hic tempore consequatur. Accusantium ea dolorum id iste. Nam repellendus eius id quia perferendis dolore inventore.',0,'2022-07-08 12:15:03','2022-07-08 12:15:03'),(40,120,'Steve Lowe','Corporis non fuga velit exercitationem nam. Provident aut aut vero at. Unde omnis et alias suscipit porro sunt aut. Sint aut ut ea eos aut dolorem rerum.',5,'2022-07-08 12:15:03','2022-07-08 12:15:03'),(41,26,'Dr. Sabina Krajcik','Sunt quos quibusdam eligendi laudantium dicta. Et voluptatem eum sunt et et facere. Alias mollitia ab aut veniam et odio eveniet. Vitae inventore amet autem.',2,'2022-07-08 12:15:03','2022-07-08 12:15:03'),(42,76,'Dannie Schuppe','Veniam dolor dolor aut consequatur aliquid. Est sit ut placeat dolores nostrum. Qui dicta enim quibusdam consequatur natus reiciendis.',1,'2022-07-08 12:15:03','2022-07-08 12:15:03'),(43,28,'Prof. Hertha Welch','Odit id nulla et est iste laudantium hic quia. Fugit quo dolor ex non delectus sequi. Qui impedit ut assumenda alias eveniet sunt quas.',1,'2022-07-08 12:15:03','2022-07-08 12:15:03'),(44,69,'Gregorio Langworth','Accusamus dolores possimus nihil ipsum consectetur voluptates. Nihil sit labore quos ratione in voluptatem. Cupiditate odio aut eveniet temporibus.',0,'2022-07-08 12:15:03','2022-07-08 12:15:03'),(45,28,'Mr. Bernardo Cassin','Enim adipisci magnam aut provident impedit facere quos. Voluptas ut veritatis molestias est exercitationem. Aspernatur tempora quis aut aut dolorem vitae eos.',3,'2022-07-08 12:15:03','2022-07-08 12:15:03'),(46,66,'Danny Ortiz','Cupiditate qui rerum quo. Molestias facere a placeat exercitationem voluptatum dolores dicta. Officiis architecto iste architecto delectus ipsa voluptas. Fugit natus et eum ipsum molestiae non non.',2,'2022-07-08 12:15:03','2022-07-08 12:15:03'),(47,47,'Barry Armstrong PhD','Quis dolor voluptatem aut minus voluptates nihil vero. Reiciendis nulla natus sit veritatis omnis eveniet omnis.',1,'2022-07-08 12:15:03','2022-07-08 12:15:03'),(48,53,'Mrs. Hannah Ratke PhD','Accusamus iusto necessitatibus expedita suscipit. Quis hic perspiciatis assumenda architecto et voluptas nihil. Provident velit quis modi quia impedit harum.',3,'2022-07-08 12:15:03','2022-07-08 12:15:03'),(49,76,'Dr. Gonzalo Mayer','Autem quasi qui et dolorem. In qui ducimus dolor. Quo quo maiores id nulla illum fugiat nisi. Rerum et quibusdam illo libero voluptate nihil deleniti perspiciatis. Rerum et eveniet facilis excepturi praesentium omnis est.',3,'2022-07-08 12:15:03','2022-07-08 12:15:03'),(50,70,'Jayden Walsh','Eligendi sit unde iure velit fuga officia dignissimos. Nemo ea corporis tenetur consequatur consequuntur. Porro expedita dolore atque ullam sapiente tempore. Maxime minima temporibus non eligendi.',4,'2022-07-08 12:15:03','2022-07-08 12:15:03'),(51,127,'Miss Justina Rau V','Et magnam quo et ullam. Distinctio dolorem id libero doloremque reiciendis. Exercitationem natus ipsum voluptate autem architecto molestiae modi quis.',2,'2022-07-08 12:15:03','2022-07-08 12:15:03'),(52,54,'Miss Anahi Bartell','Laudantium sed dignissimos ut repellat aspernatur aut enim. Magni nihil voluptatibus quo deserunt reiciendis aut facere. Eos inventore voluptates architecto et rem. Veniam unde magni consequatur.',4,'2022-07-08 12:15:03','2022-07-08 12:15:03'),(53,5,'Bernice Mann','Non sint sint harum. Quod dignissimos aut est ut id.',2,'2022-07-08 12:15:03','2022-07-08 12:15:03'),(54,63,'Jeffry McClure','Molestiae sequi ipsum doloribus dolor exercitationem maxime. Ipsum blanditiis ea sequi alias eum. Delectus non sit omnis aut autem eum.',3,'2022-07-08 12:15:03','2022-07-08 12:15:03'),(55,6,'Gunner Yost','Recusandae sunt quas culpa architecto. Eaque et distinctio voluptatem aperiam necessitatibus minus quo. Laudantium qui eligendi repellendus. Voluptatum rerum ad pariatur autem iusto inventore.',5,'2022-07-08 12:15:03','2022-07-08 12:15:03'),(56,62,'Mr. Salvador Reynolds V','Commodi est tempore voluptas. In modi dicta excepturi molestiae nemo molestiae temporibus. Dolores vero aliquam consequuntur sint. Voluptas earum eveniet possimus fuga enim est veniam.',4,'2022-07-08 12:15:03','2022-07-08 12:15:03'),(57,119,'Prof. Mercedes Renner','Voluptatem corrupti repudiandae quia blanditiis. Quibusdam tempora dolore eaque voluptatem at. Quam nostrum fugiat beatae est quo.',3,'2022-07-08 12:15:03','2022-07-08 12:15:03'),(58,23,'Ms. Carole Lemke','At occaecati ut magni omnis unde fugiat aut. A voluptas ex ducimus sint voluptas praesentium. Nostrum aut eius dolorem necessitatibus. Et optio et numquam a totam blanditiis incidunt.',2,'2022-07-08 12:15:03','2022-07-08 12:15:03'),(59,112,'Eliezer Lynch','Quis culpa neque voluptatem qui voluptatem fugiat. Non iste delectus ratione repudiandae molestias corrupti dolor. Inventore repudiandae in quis velit magnam aut voluptas. Sed et quis dolore nesciunt voluptatem consequatur dignissimos.',1,'2022-07-08 12:15:03','2022-07-08 12:15:03'),(60,49,'Antonetta Toy','Et voluptas veritatis voluptatem doloremque sed est. Totam et quidem nihil vero suscipit qui molestias eum. Est tempore perferendis dolorem omnis consequatur et. Sint natus et eligendi et nam.',4,'2022-07-08 12:15:03','2022-07-08 12:15:03'),(61,138,'Jaquelin Gutkowski','Molestiae qui perspiciatis dicta quis ab id. Est soluta a nulla sunt. Aut et error totam eum sequi. Corrupti ut doloremque non necessitatibus illum nisi sint.',1,'2022-07-08 12:15:03','2022-07-08 12:15:03'),(62,22,'Rene Labadie','Cupiditate dicta repudiandae officiis ut et veniam suscipit. Iste expedita autem sunt enim in iure eius. Laborum impedit ut sunt quia vel eum. Quasi ab aliquid illum ipsum magni repellendus rerum.',3,'2022-07-08 12:15:03','2022-07-08 12:15:03'),(63,48,'Hilton Wolff','Et odio aliquid repudiandae quae. Saepe exercitationem delectus et velit reiciendis. Ab fugit saepe ipsam rerum inventore.',3,'2022-07-08 12:15:03','2022-07-08 12:15:03'),(64,76,'Dock Howe','Iste occaecati rem sed sequi. Exercitationem consequatur omnis qui ea. Sint quia soluta enim maiores omnis.',5,'2022-07-08 12:15:03','2022-07-08 12:15:03'),(65,97,'Prof. Luella Auer','Ex iusto aut ratione ut. Omnis natus eos ipsum odit in. Eos praesentium illum laborum impedit saepe nemo.',0,'2022-07-08 12:15:03','2022-07-08 12:15:03'),(66,105,'Jordy Bauch','Vel molestias incidunt earum et. Non recusandae ad totam. Odit sit quo esse quis totam expedita quia.',0,'2022-07-08 12:15:03','2022-07-08 12:15:03'),(67,84,'Lavina Smitham MD','Qui maxime ut corrupti in quis. Aut voluptatem velit eius libero. Nesciunt totam at sed corrupti aut ut explicabo.',1,'2022-07-08 12:15:03','2022-07-08 12:15:03'),(68,92,'Mattie Hand I','Molestiae et et quia ut. Debitis repellendus dolorem voluptate aperiam a ullam. Quis reiciendis provident animi et ex omnis illo. Fuga neque ullam amet voluptas error voluptas accusantium. Qui impedit voluptatem aut libero nisi accusamus.',0,'2022-07-08 12:15:03','2022-07-08 12:15:03'),(69,17,'Ebba Bruen','Dolorum sit qui perspiciatis corporis optio id. Tempore blanditiis est et voluptas. Nesciunt sit quaerat dignissimos facere rem architecto similique. Et iste sint sit voluptas tempora.',5,'2022-07-08 12:15:03','2022-07-08 12:15:03'),(70,121,'Fatima Maggio','Eveniet est mollitia voluptas architecto. Sapiente magni perspiciatis veniam. Et non blanditiis iste quisquam accusamus ut tempore. Consequatur sunt corporis ducimus maiores doloribus.',0,'2022-07-08 12:15:03','2022-07-08 12:15:03'),(71,96,'Belle Bosco','Numquam facilis consequatur vitae vel vitae dolorem. Exercitationem quibusdam animi harum rerum incidunt. Dolor esse et sapiente.',1,'2022-07-08 12:15:03','2022-07-08 12:15:03'),(72,10,'Graciela Brown','Animi velit commodi provident doloremque. Ut ut inventore voluptas ut necessitatibus ullam. Veritatis corporis itaque culpa autem velit optio ipsam.',2,'2022-07-08 12:15:03','2022-07-08 12:15:03'),(73,22,'Dr. Bernhard Lang','Alias doloribus modi laboriosam modi quasi in. Nesciunt esse voluptatem eos accusamus enim impedit. Architecto eum quis asperiores.',3,'2022-07-08 12:15:03','2022-07-08 12:15:03'),(74,19,'Monte Roberts','Qui qui autem quisquam accusamus eum voluptatibus. Nulla magni est in. Corrupti eum voluptates dolores earum asperiores repudiandae. Ut ratione et aut.',3,'2022-07-08 12:15:03','2022-07-08 12:15:03'),(75,30,'Mrs. Daniela Jakubowski Jr.','Repellendus suscipit molestias accusamus et. Nobis qui eius incidunt porro. Aut veniam minima repellendus in delectus repudiandae exercitationem. Dolor blanditiis facere doloremque placeat aliquam facere repudiandae soluta.',2,'2022-07-08 12:15:03','2022-07-08 12:15:03'),(76,9,'Schuyler Bergnaum','Illum commodi ratione laboriosam quia fugiat voluptatem facere. Assumenda magnam unde reprehenderit dolorem ad. Consequuntur accusantium omnis est mollitia sed dolorum.',5,'2022-07-08 12:15:03','2022-07-08 12:15:03'),(77,57,'Ms. Felicity Kutch','Incidunt mollitia iste animi quae illo pariatur et quasi. Delectus neque quis perspiciatis molestiae soluta eligendi provident. Magnam harum alias molestiae fugit dolore.',1,'2022-07-08 12:15:03','2022-07-08 12:15:03'),(78,143,'Kiarra Koelpin','Hic cupiditate in beatae dolor dolores nihil laborum. Maiores quis expedita repudiandae ea ipsum quo recusandae. Et iste vel facere nostrum ratione adipisci sed. Eos error repellat voluptas nisi voluptas corrupti debitis.',1,'2022-07-08 12:15:03','2022-07-08 12:15:03'),(79,98,'Ms. Destinee Ratke MD','Pariatur libero commodi voluptatem sit. Aut exercitationem itaque veritatis fugiat neque deserunt voluptas est. Sit nobis asperiores quia eligendi eum aliquid impedit. Magni omnis molestiae omnis tempora.',0,'2022-07-08 12:15:03','2022-07-08 12:15:03'),(80,50,'Green Runolfsdottir DDS','Dolorem quo vitae dolore nihil. Molestias distinctio veritatis dolor pariatur laborum dolor est. Ad omnis voluptatem et dolorem fugit.',2,'2022-07-08 12:15:03','2022-07-08 12:15:03'),(81,143,'Miss Hollie Bailey','Voluptatibus sequi aut omnis sunt distinctio architecto reprehenderit. Ut earum quis repellendus quis quia soluta. Sit mollitia voluptatibus provident magni earum eius. Repellat cupiditate aut numquam pariatur.',3,'2022-07-08 12:15:03','2022-07-08 12:15:03'),(82,94,'Ellis Bergnaum','Harum ipsam praesentium magnam nesciunt voluptatem sit. Aliquid sed occaecati hic vel et eius nam. Et neque nesciunt non laudantium. Optio et rem assumenda culpa delectus maiores quod.',1,'2022-07-08 12:15:03','2022-07-08 12:15:03'),(83,36,'Adele Bartoletti','Sequi amet repellendus ut quo quod. Numquam autem tenetur quo deserunt atque voluptate voluptatum. Praesentium qui voluptas rerum qui sint eum reprehenderit.',1,'2022-07-08 12:15:03','2022-07-08 12:15:03'),(84,52,'Ian Kling','Dolorum ut et exercitationem adipisci ut et. Blanditiis reprehenderit occaecati consectetur et rerum aspernatur omnis minus. Exercitationem enim eum ea similique. Esse voluptatem quas id soluta eveniet temporibus.',0,'2022-07-08 12:15:03','2022-07-08 12:15:03'),(85,1,'Claud Legros','Praesentium rem incidunt consequatur nihil numquam. Deserunt cumque aliquam ut et sequi. Numquam vel voluptas reprehenderit porro.',3,'2022-07-08 12:15:03','2022-07-08 12:15:03'),(86,114,'Morgan Hayes','Omnis quae non ut hic cupiditate nobis dolorem. Est optio dolores minima consectetur et consequatur. Distinctio repudiandae repellat voluptatem omnis. Saepe voluptatum maiores est consequatur omnis. Pariatur omnis vel iure nobis.',2,'2022-07-08 12:15:03','2022-07-08 12:15:03'),(87,95,'Morton Stoltenberg','Quia magnam quia est. Eligendi placeat quia perspiciatis sed sit quia illo. Ut optio voluptatem doloremque adipisci impedit eum. Ut eos ex omnis et est. Explicabo blanditiis non nam.',1,'2022-07-08 12:15:03','2022-07-08 12:15:03'),(88,45,'Ludie Mayer V','Maxime distinctio expedita dolor qui deserunt corrupti. Rerum eum eum ullam aut. Quas repellendus quo numquam veniam inventore.',3,'2022-07-08 12:15:03','2022-07-08 12:15:03'),(89,145,'Prof. Torey Lindgren IV','Et deserunt consequuntur architecto. Unde necessitatibus voluptatem et eum ipsum. Dolores molestiae illum nostrum vitae.',4,'2022-07-08 12:15:03','2022-07-08 12:15:03'),(90,68,'Grady Olson','Ullam eos iure iusto molestiae ad dolor. Beatae sit ducimus necessitatibus adipisci ea numquam. Qui nihil quae voluptatibus cupiditate quia occaecati.',4,'2022-07-08 12:15:03','2022-07-08 12:15:03'),(91,148,'Khalid Carter','Officia voluptatem corporis voluptate enim. Qui accusamus maxime id veniam. Et error similique consequatur facilis quas minima.',4,'2022-07-08 12:15:03','2022-07-08 12:15:03'),(92,45,'Miss Marianna Rosenbaum Jr.','Doloribus libero eos voluptas est voluptatem et. Repellat fugiat numquam doloremque qui sapiente ipsa nobis laborum. Veniam odit rerum placeat magnam nobis.',2,'2022-07-08 12:15:03','2022-07-08 12:15:03'),(93,39,'Jamarcus Cartwright II','Iure harum explicabo consectetur et. Ut quod alias eius et itaque. Quia odio doloribus ex cupiditate distinctio.',1,'2022-07-08 12:15:03','2022-07-08 12:15:03'),(94,95,'Lindsay Herzog I','Iusto et maxime quia rerum omnis vero. Voluptatem ipsa earum nostrum sequi. Atque consequatur ex dolorem eum labore maxime. Magni velit pariatur blanditiis minima sed dolorem voluptatibus. Voluptate distinctio illo neque aut ut cum eaque.',5,'2022-07-08 12:15:03','2022-07-08 12:15:03'),(95,70,'Danyka Graham','A debitis quaerat veritatis officiis exercitationem qui. Minus dolorem ut nobis qui saepe quia. Officia eum nihil veniam beatae.',4,'2022-07-08 12:15:03','2022-07-08 12:15:03'),(96,142,'Jadyn Gaylord','Facere eius sed enim dolores. Numquam consequatur harum error et perferendis. Illum non architecto id qui dolorem molestiae.',0,'2022-07-08 12:15:03','2022-07-08 12:15:03'),(97,137,'Mrs. Autumn Schmitt','Fugiat velit blanditiis facilis est. Labore minima esse necessitatibus est nihil. Cupiditate tempora ea consequatur et.',5,'2022-07-08 12:15:03','2022-07-08 12:15:03'),(98,26,'Nia Rutherford','Voluptatem nesciunt enim similique est. Est mollitia qui accusamus consequatur. Nesciunt eum aut ullam voluptas.',1,'2022-07-08 12:15:03','2022-07-08 12:15:03'),(99,132,'Miss Novella Hintz IV','Ut cupiditate dolor cum. Est architecto quasi inventore sint corporis sit optio. Tenetur quidem assumenda vitae porro explicabo.',2,'2022-07-08 12:15:03','2022-07-08 12:15:03'),(100,34,'Mrs. Kiarra Kub V','Qui temporibus rem dolores est voluptatem tenetur. Iste sint voluptas quo quam est assumenda. Et ea quaerat omnis saepe autem. Accusamus pariatur impedit et fugit.',2,'2022-07-08 12:15:03','2022-07-08 12:15:03'),(101,121,'Jennie Howell','Cumque in aut rerum. Modi tempore quam et est voluptas. Ipsam rerum rerum quisquam omnis ea reprehenderit ex.',5,'2022-07-08 12:15:03','2022-07-08 12:15:03'),(102,61,'Noe Toy PhD','Quia unde molestias ipsa molestias suscipit. Inventore blanditiis magni sit velit et et odio culpa. Autem et quod molestias quas nostrum alias velit.',5,'2022-07-08 12:15:03','2022-07-08 12:15:03'),(103,131,'Sandy Kling II','Totam eligendi voluptatum saepe dolores libero. Unde fugit iusto voluptas ut veniam ipsam maiores. Ex est aperiam exercitationem ea. Aut ea voluptatem officiis sit.',2,'2022-07-08 12:15:03','2022-07-08 12:15:03'),(104,89,'Dr. Jaylon Stanton III','Voluptas consectetur sequi veniam accusantium dolore voluptatem non ut. Aut vel velit eaque illo eaque. Ea earum quibusdam aut sunt. Quas dolorum et necessitatibus qui ipsum illum.',2,'2022-07-08 12:15:03','2022-07-08 12:15:03'),(105,56,'Miss Pansy Skiles MD','Sit praesentium provident dolore cum delectus odio. Sequi quo quo earum qui qui. Et quos molestiae tempora. Iure repellendus sunt autem dolor optio.',5,'2022-07-08 12:15:03','2022-07-08 12:15:03'),(106,7,'Dr. Darron Dach','Necessitatibus omnis aut saepe possimus. Cumque recusandae qui pariatur expedita modi laudantium sunt. Sint enim hic aliquid est.',2,'2022-07-08 12:15:03','2022-07-08 12:15:03'),(107,60,'Justina Morar','Quam velit aliquam et ut. Mollitia totam qui et qui voluptas quia. Odit praesentium fuga odio.',1,'2022-07-08 12:15:03','2022-07-08 12:15:03'),(108,121,'Dax Grant','Et distinctio nihil beatae dolorem quasi. Debitis et in et rerum nemo id harum.',2,'2022-07-08 12:15:03','2022-07-08 12:15:03'),(109,19,'Leonel VonRueden','Vero ut dicta magnam voluptatum cumque. Iste facere sit libero temporibus. Quibusdam dolor officiis debitis non repellendus porro magnam temporibus. Eos sint est deserunt dicta sit.',1,'2022-07-08 12:15:03','2022-07-08 12:15:03'),(110,12,'Dr. Eudora Tremblay IV','Incidunt ut est recusandae. Voluptatem dolore aliquam excepturi dolorem tenetur tenetur cumque. Eveniet et doloremque quia et. Ut perspiciatis voluptate voluptatem soluta. In rerum quos qui esse in nostrum corporis.',4,'2022-07-08 12:15:03','2022-07-08 12:15:03'),(111,127,'Ms. Alexandrine Ondricka DDS','Iste tempora dolorum dolores quia ut culpa. Eos possimus minima sed ut. Aliquam dolorem beatae ipsum ut porro dolorum eaque. Voluptas at omnis esse voluptatum minima.',2,'2022-07-08 12:15:03','2022-07-08 12:15:03'),(112,138,'Prof. Justyn Ondricka DDS','Esse totam aut necessitatibus saepe et quod. Veniam a ducimus non. Iste quidem adipisci ducimus voluptates saepe.',3,'2022-07-08 12:15:03','2022-07-08 12:15:03'),(113,143,'Alf Prosacco','Fugit sunt consectetur facilis eum facere dolorum temporibus enim. Eos ea debitis temporibus ad corporis aut. Necessitatibus a quia fugit ut at magni sint.',0,'2022-07-08 12:15:03','2022-07-08 12:15:03'),(114,122,'Prof. Joel Renner DDS','Dicta quia impedit hic minima. Ut nisi qui eius rerum. Consequuntur nihil tempora nulla magni sapiente libero.',3,'2022-07-08 12:15:03','2022-07-08 12:15:03'),(115,1,'Retta Ankunding','Ad dolore sapiente cumque rem non. Est cupiditate inventore consequatur non. Repellat in dolores consequatur voluptas blanditiis.',0,'2022-07-08 12:15:03','2022-07-08 12:15:03'),(116,83,'Addie Koelpin','Beatae sapiente ut reprehenderit commodi ea. Vel velit maxime est voluptatum sit molestias. Facilis ex et totam provident repellendus tempore autem rem. Nihil quasi dolor in ea aut praesentium.',1,'2022-07-08 12:15:03','2022-07-08 12:15:03'),(117,56,'Dr. Eleanore Harris','A qui possimus amet. Occaecati et vero vero voluptatem tempora quia. Sint vel ratione et.',2,'2022-07-08 12:15:03','2022-07-08 12:15:03'),(118,39,'Prof. Myrtie Baumbach I','Possimus provident facere ullam maxime cumque aperiam. Quia optio ea in.',4,'2022-07-08 12:15:03','2022-07-08 12:15:03'),(119,33,'Marlene Robel IV','Blanditiis veritatis qui non quos. Corrupti illum velit quos tenetur quis. Accusantium eveniet commodi omnis vitae nihil repellendus.',5,'2022-07-08 12:15:03','2022-07-08 12:15:03'),(120,29,'Lorena Krajcik','Id deserunt omnis iusto recusandae qui reiciendis. Rerum deleniti assumenda nobis possimus et voluptatem. Libero velit deserunt mollitia quidem. Quos asperiores est eaque eum occaecati voluptatem expedita. Veritatis dolor tempora nostrum nisi quae.',0,'2022-07-08 12:15:03','2022-07-08 12:15:03'),(121,84,'Allie Dibbert','Enim molestiae ea ab possimus minima placeat. Animi unde eos saepe. Dignissimos numquam itaque dolorem nam sed quos.',0,'2022-07-08 12:15:03','2022-07-08 12:15:03'),(122,115,'Gisselle Pollich','Fuga et beatae sed quis. Incidunt ut laudantium explicabo accusantium dolor. Mollitia ad laboriosam voluptatem accusamus. Porro ex voluptatem ducimus. Fugiat expedita fuga consequatur inventore corporis explicabo.',2,'2022-07-08 12:15:03','2022-07-08 12:15:03'),(123,16,'Dr. Moriah Miller','Perferendis qui molestias omnis et ad qui. Consectetur nemo eius repudiandae quia unde soluta dolorem. Qui doloribus tempora aperiam ducimus ratione vel. Temporibus perferendis alias eum explicabo quis.',1,'2022-07-08 12:15:03','2022-07-08 12:15:03'),(124,102,'Darian Wisozk','Voluptas sint sapiente tempora sed sunt dolores. Eum vel mollitia consequatur adipisci vero voluptatem. Ut quod consequatur aut consequatur occaecati. Possimus a ut et debitis eos.',3,'2022-07-08 12:15:03','2022-07-08 12:15:03'),(125,81,'Marjolaine Leuschke','Porro minima qui quo et aut quod ipsa. Deserunt consequatur nobis exercitationem cupiditate quis maiores. Rerum numquam deleniti assumenda architecto ut adipisci. Et consequuntur in veniam eligendi sed consequatur suscipit.',3,'2022-07-08 12:15:03','2022-07-08 12:15:03'),(126,16,'Sierra Cruickshank IV','Dolorem optio eligendi et deserunt et unde. Modi et corporis nihil.',4,'2022-07-08 12:15:03','2022-07-08 12:15:03'),(127,100,'Elaina Dooley','Esse veniam temporibus iste explicabo. Eius nisi deserunt aut non non veniam quia. Et quos asperiores libero voluptatem repellat quidem.',5,'2022-07-08 12:15:03','2022-07-08 12:15:03'),(128,120,'Macy Auer DVM','Possimus facere inventore minus sint omnis labore repudiandae aut. Sit inventore dolores tempora dolorem velit. Et hic enim nisi ab libero eum et.',2,'2022-07-08 12:15:03','2022-07-08 12:15:03'),(129,77,'Mr. Edgar Brakus MD','Vel exercitationem vel sed officia consectetur qui sed officiis. Asperiores praesentium vitae autem fugit ratione. Dignissimos deserunt neque at corrupti placeat sapiente sed rem. Et fugit qui in.',1,'2022-07-08 12:15:03','2022-07-08 12:15:03'),(130,97,'Miss Loraine Steuber','Voluptatibus at qui culpa quidem qui. Vitae aperiam dolorem dolor et. Accusamus eos et et.',4,'2022-07-08 12:15:03','2022-07-08 12:15:03'),(131,94,'Cydney Osinski','Asperiores id corrupti id exercitationem. Harum perspiciatis omnis et ipsum iste molestiae necessitatibus. Eos delectus pariatur vitae magni. Dolorem ut fuga repellat est dignissimos occaecati et.',5,'2022-07-08 12:15:03','2022-07-08 12:15:03'),(132,59,'Ralph Gulgowski','Adipisci qui eligendi inventore omnis exercitationem ullam ut. Odit velit eos suscipit aut veritatis placeat voluptas dicta. Et et mollitia et voluptas sapiente.',0,'2022-07-08 12:15:03','2022-07-08 12:15:03'),(133,116,'Kathlyn Wuckert','Nihil eum qui repellendus omnis et delectus veniam. Impedit tempore error nihil quaerat qui ut sint. Deserunt consectetur voluptas minus aliquid modi accusantium aut non.',2,'2022-07-08 12:15:03','2022-07-08 12:15:03'),(134,63,'Lyda Stamm','Voluptatem esse sit sint. Adipisci inventore quasi suscipit dicta quia ad.',3,'2022-07-08 12:15:03','2022-07-08 12:15:03'),(135,135,'Cali Larson','Incidunt sunt tempora porro ducimus omnis. Natus doloribus necessitatibus ducimus. Itaque non id neque tempore laborum dolores voluptatibus.',2,'2022-07-08 12:15:03','2022-07-08 12:15:03'),(136,11,'Talon McKenzie','Aspernatur voluptatem dicta maiores sed quos cupiditate ut. Expedita vel nulla ex et veniam error modi unde.',5,'2022-07-08 12:15:03','2022-07-08 12:15:03'),(137,23,'Lolita Hodkiewicz','Et recusandae vero qui. Voluptates doloribus dolores ab. Minus officia eum odio. Rerum accusamus officia consequatur a sed.',3,'2022-07-08 12:15:03','2022-07-08 12:15:03'),(138,78,'Ines Predovic V','Repellat voluptatem facere incidunt labore molestiae quibusdam necessitatibus cum. Rerum quam non dignissimos praesentium. Autem qui omnis vero rerum.',1,'2022-07-08 12:15:03','2022-07-08 12:15:03'),(139,114,'Lucienne Brakus','Laboriosam assumenda est mollitia odit natus ea id. Dolor eos harum non exercitationem quibusdam. Deserunt magnam incidunt vel velit ea.',0,'2022-07-08 12:15:03','2022-07-08 12:15:03'),(140,3,'Miss Felicita Waters','Sit ut est rem tempora laboriosam ad. Qui eius ut voluptatem est eveniet dolore non. Voluptas voluptatem maiores eum ut id. Ipsam similique aliquam doloribus repellat nulla voluptas quis.',3,'2022-07-08 12:15:03','2022-07-08 12:15:03'),(141,46,'Dr. Chaim Wintheiser','Doloremque tempora omnis temporibus et hic. Ducimus dolorem quisquam blanditiis sint vel illo. Dolor velit molestiae voluptatem. Hic odio consequatur labore in asperiores molestiae excepturi.',0,'2022-07-08 12:15:03','2022-07-08 12:15:03'),(142,32,'Karina Eichmann','Quis dignissimos autem vel sit voluptas reprehenderit. Nihil asperiores eaque iusto laboriosam praesentium nulla iste. Est vero consequuntur officia voluptatem ut dolorem ipsam. Voluptates ut sed eveniet ratione.',1,'2022-07-08 12:15:03','2022-07-08 12:15:03'),(143,72,'Polly Carter','Facere dolores deleniti quia fugiat quibusdam omnis possimus. Eius quam laboriosam eveniet saepe sit. Possimus incidunt repellat accusantium rem impedit beatae in.',5,'2022-07-08 12:15:03','2022-07-08 12:15:03'),(144,60,'Estell Sanford','Consequatur libero occaecati ut magnam tempore cupiditate. At quam molestiae sapiente quisquam ut. Vel quam ut autem aut aut magni rerum.',0,'2022-07-08 12:15:03','2022-07-08 12:15:03'),(145,31,'Casandra Marvin','Sint libero necessitatibus ut est aliquid ut perspiciatis pariatur. Quia qui eius tempore omnis dolorem vero molestiae. In impedit nulla velit voluptas.',3,'2022-07-08 12:15:03','2022-07-08 12:15:03'),(146,40,'Adam Kerluke','Adipisci assumenda dolorem doloribus voluptatem et saepe ullam. Sit modi sint illum nesciunt. Accusantium laudantium aut deleniti ipsum et quis ad quia.',4,'2022-07-08 12:15:03','2022-07-08 12:15:03'),(147,119,'Ansel Bode','Odio distinctio ad voluptatibus dolore architecto. Sunt est earum ut temporibus officia voluptas eum. Nisi reiciendis ut maxime nam consequatur. Et ipsum iste dolorem et praesentium id dignissimos harum.',4,'2022-07-08 12:15:03','2022-07-08 12:15:03'),(148,54,'Keegan Lehner','Modi suscipit vero ea. Ea fugit libero repellat ipsum earum debitis quia. Quibusdam repellendus autem nisi deleniti necessitatibus quo.',0,'2022-07-08 12:15:03','2022-07-08 12:15:03'),(149,72,'Henderson Stark','Fugit aut qui sed rerum ut. Officia culpa nisi dolor et rerum. Atque rerum dolor quia consectetur illum illum nemo.',5,'2022-07-08 12:15:03','2022-07-08 12:15:03'),(150,79,'Vivian Hirthe','Suscipit eveniet quia aliquid magni quasi ut rerum quia. Minima voluptas autem aut dicta distinctio quis. Dolores maiores quibusdam doloribus.',0,'2022-07-08 12:15:03','2022-07-08 12:15:03'),(151,101,'Aaliyah Parisian','Qui esse occaecati beatae quibusdam. Qui et temporibus alias quia perspiciatis facere. Non nobis aut mollitia ut. Doloremque aut ut dolorem.',0,'2022-07-08 12:15:03','2022-07-08 12:15:03'),(152,98,'Brody Skiles','Autem est magnam animi voluptatibus exercitationem et voluptates culpa. Consectetur voluptatibus explicabo ullam nostrum recusandae est. Eum odio id et eum nobis est et. Reiciendis autem ipsam ipsam. Eligendi nihil culpa incidunt excepturi exercitationem nostrum.',5,'2022-07-08 12:15:03','2022-07-08 12:15:03'),(153,21,'Carolyne Beier','Quibusdam et velit tempora voluptatum fugiat vitae est voluptate. Cum quis modi consectetur labore. Dolores enim fugiat corporis alias.',2,'2022-07-08 12:15:03','2022-07-08 12:15:03'),(154,55,'Kristy Boyle','Porro ullam repellendus quam et modi ut harum voluptas. Impedit a ut id nobis ex.',0,'2022-07-08 12:15:03','2022-07-08 12:15:03'),(155,120,'Fredrick Ankunding','Ipsa illo nihil debitis. Dicta officiis sed ipsum suscipit cum laboriosam dolor ad. Quasi eum natus non ut iusto ducimus. Inventore temporibus cum et animi iusto et.',5,'2022-07-08 12:15:03','2022-07-08 12:15:03'),(156,86,'Dr. Herminio Gorczany','Dolorum et laborum in occaecati ipsam. Voluptates ea vel adipisci eligendi temporibus cum eum sed. Suscipit dolorem accusantium est nihil minus rerum exercitationem. Officiis eaque mollitia voluptas eveniet ut.',2,'2022-07-08 12:15:03','2022-07-08 12:15:03'),(157,46,'Prof. Rupert Heller DDS','Modi dolore est repellendus. Quia repellendus tenetur a aut. Et incidunt possimus et.',4,'2022-07-08 12:15:03','2022-07-08 12:15:03'),(158,11,'Melody Gutkowski','Id quidem velit animi vel unde numquam ratione. Non eos quo quas. Qui et enim est ea eum et aut.',1,'2022-07-08 12:15:03','2022-07-08 12:15:03'),(159,23,'Regan Murazik','Earum delectus ut ab repudiandae nulla. Quo qui facilis velit consequatur veritatis.',2,'2022-07-08 12:15:03','2022-07-08 12:15:03'),(160,93,'Tristin Schimmel','Vel facilis voluptas eum aut. Quidem doloribus non quisquam dolorem officiis aut. Numquam quas enim eius repellat facere. Nesciunt facilis et et in aut sint ipsa. Sunt aut beatae quo omnis sint.',1,'2022-07-08 12:15:03','2022-07-08 12:15:03'),(161,123,'Fernando Mosciski','Provident libero consequatur quos quia numquam praesentium qui culpa. Deleniti voluptatibus impedit iure iure vero aut quibusdam. Animi facilis sed quo aliquam ab earum porro et. Aliquam occaecati consequatur maxime repudiandae facilis doloremque.',0,'2022-07-08 12:15:03','2022-07-08 12:15:03'),(162,110,'Mrs. Brandyn Beer','Aliquid ullam incidunt doloremque nostrum enim. Dolores rerum porro molestiae hic. Esse quibusdam minima vel maiores maxime.',3,'2022-07-08 12:15:03','2022-07-08 12:15:03'),(163,11,'Prof. Neva Blick II','Quibusdam facilis qui omnis quasi ipsam. Vel accusamus exercitationem libero non. Quas nisi dolor laboriosam minima quisquam dolores ullam.',2,'2022-07-08 12:15:03','2022-07-08 12:15:03'),(164,103,'Mr. Kristoffer Brown PhD','Quod non consequatur adipisci sunt libero aut. Non tempora animi magnam provident nesciunt. Molestiae est deleniti quibusdam consectetur laudantium. Ea in corporis totam maiores ipsum vel asperiores.',2,'2022-07-08 12:15:03','2022-07-08 12:15:03'),(165,124,'Samson Breitenberg','Sed quae atque esse nobis. Incidunt et quia sint quibusdam soluta et qui. Nihil nihil porro est occaecati omnis.',5,'2022-07-08 12:15:03','2022-07-08 12:15:03'),(166,45,'Quinn Carter','Ut adipisci velit aut reiciendis veniam. Iste voluptate distinctio mollitia. Nostrum repellendus reiciendis saepe minus laborum autem velit. Sapiente reiciendis sit corrupti recusandae.',2,'2022-07-08 12:15:03','2022-07-08 12:15:03'),(167,140,'Annetta Stroman','Consequatur at quibusdam illo et animi. Rerum omnis nisi officia iste blanditiis fuga fuga. Tenetur repellat dolor amet nihil corporis. Nesciunt velit ab aut quos repellendus cupiditate quibusdam.',1,'2022-07-08 12:15:03','2022-07-08 12:15:03'),(168,122,'Ms. Madisyn Huels','Odit optio maxime ut deleniti. Sed quo quos reiciendis sed dolorem. Sit facilis alias aperiam nemo et sed et. Dolores ipsum quidem provident deserunt ratione sequi similique. In cum veritatis beatae harum temporibus dignissimos exercitationem.',3,'2022-07-08 12:15:03','2022-07-08 12:15:03'),(169,12,'Austin Bergstrom MD','Qui omnis laborum dolores quo tempore dolores voluptas. Aut hic repudiandae sed ut et earum. Quaerat provident et dolore sit iusto facere. Quibusdam dolorem unde magnam magni ducimus.',1,'2022-07-08 12:15:03','2022-07-08 12:15:03'),(170,31,'Delphia Miller','Officia nihil architecto enim eveniet quasi. Veniam sint ab repellendus iste.',2,'2022-07-08 12:15:03','2022-07-08 12:15:03'),(171,136,'Noemie Reichel','Ipsam earum natus nam ipsum possimus eos exercitationem iste. Dolores a id officiis provident. Asperiores doloribus excepturi fugiat in. Sint autem repudiandae sunt accusantium et nulla.',4,'2022-07-08 12:15:04','2022-07-08 12:15:04'),(172,118,'Prof. Hardy Marks','Omnis est ipsum sit laborum aut. Explicabo recusandae vitae esse rerum cum est.',2,'2022-07-08 12:15:04','2022-07-08 12:15:04'),(173,6,'Effie Leffler Jr.','Maxime veritatis distinctio adipisci iusto ad suscipit architecto similique. Amet tempore esse distinctio nostrum. Aut rerum molestias vel incidunt eos temporibus. Et et et neque eius perferendis accusamus nisi. Facilis eius expedita voluptate eligendi voluptas.',1,'2022-07-08 12:15:04','2022-07-08 12:15:04'),(174,12,'Omari Schneider','Quod possimus et vero dolorem a autem. Vel culpa tempore iste voluptas tempora. In iusto laboriosam et numquam quas est voluptatum tempora. Facilis doloribus repellat quae dolor qui nam nostrum.',1,'2022-07-08 12:15:04','2022-07-08 12:15:04'),(175,83,'Estefania Mertz','Sint deleniti aut aperiam. Nesciunt est odit ipsam ratione voluptates provident aut. Molestiae qui qui nihil fugiat ratione consequatur minus.',3,'2022-07-08 12:15:04','2022-07-08 12:15:04'),(176,120,'Lempi Jacobs','Eius debitis mollitia corrupti repellat rerum tempore et. Et velit excepturi est vitae voluptatibus recusandae. Perferendis laborum fugiat culpa sed.',0,'2022-07-08 12:15:04','2022-07-08 12:15:04'),(177,29,'Dr. Chyna Thompson PhD','Porro est consequatur eaque ea excepturi tempora voluptas. Et vel qui non explicabo. Sint aliquam corporis vel corrupti consequatur.',4,'2022-07-08 12:15:04','2022-07-08 12:15:04'),(178,4,'Betsy Purdy','Omnis soluta qui suscipit laudantium laudantium est. Ipsa labore tempore laboriosam perspiciatis nostrum. Inventore blanditiis ut aut sunt animi reiciendis. Quis sed dolores consectetur magni enim maxime et.',3,'2022-07-08 12:15:04','2022-07-08 12:15:04'),(179,115,'Dr. Brando Russel PhD','Magni maiores perferendis sunt ex ratione illo. Quis exercitationem unde autem doloribus.',1,'2022-07-08 12:15:04','2022-07-08 12:15:04'),(180,57,'Mrs. Marilou Wolff DDS','Provident totam facilis aut odit natus. Dolores aut deleniti alias reiciendis. Illum aliquam quibusdam fugit hic rerum vel aperiam ad. Perferendis neque placeat nam ipsam.',4,'2022-07-08 12:15:04','2022-07-08 12:15:04'),(181,2,'Kim Veum','Illum et perspiciatis ullam est voluptas iste deleniti. Explicabo et necessitatibus autem modi omnis vitae et. Mollitia ad qui ut itaque. Aut eligendi qui blanditiis eligendi nesciunt.',5,'2022-07-08 12:15:04','2022-07-08 12:15:04'),(182,69,'Josh Heidenreich','Praesentium sed est tenetur adipisci quo explicabo. Voluptas et cupiditate officia similique laborum aut quia. Voluptatem doloribus veniam totam sint officiis aspernatur distinctio incidunt. Iure quo aut quibusdam et.',4,'2022-07-08 12:15:04','2022-07-08 12:15:04'),(183,73,'Eino Batz','Illum est ut dolorum doloribus pariatur dolore omnis. Possimus in ut id est similique. Aspernatur unde ipsa ut id facere deleniti quasi.',0,'2022-07-08 12:15:04','2022-07-08 12:15:04'),(184,19,'Jennings Russel IV','Sapiente delectus unde necessitatibus sapiente nobis consequatur quas. Illum ab libero ut dolorem enim dolorum rem amet.',5,'2022-07-08 12:15:04','2022-07-08 12:15:04'),(185,80,'Emil Rowe MD','Repellat odit dicta numquam voluptas mollitia voluptatem consequatur nihil. Ea corrupti rerum incidunt non qui quis et. Et et velit atque vero vitae sequi.',0,'2022-07-08 12:15:04','2022-07-08 12:15:04'),(186,26,'Katelynn Erdman','Architecto id aut quia doloremque. Esse voluptas nobis sit dolores consectetur dignissimos voluptas. Corporis enim similique modi voluptatibus.',1,'2022-07-08 12:15:04','2022-07-08 12:15:04'),(187,137,'Mr. Prince Donnelly Jr.','Earum expedita quae at. Accusamus vero repudiandae et nam ullam ipsam. Itaque recusandae nulla consequatur harum.',5,'2022-07-08 12:15:04','2022-07-08 12:15:04'),(188,65,'Katrina Gislason','Vitae voluptatem rerum qui eos at accusamus. Officia quia ipsam maiores et aliquam.',5,'2022-07-08 12:15:04','2022-07-08 12:15:04'),(189,2,'Alice Miller','Alias labore doloremque molestias aut repudiandae necessitatibus in quia. Accusamus quia quo in recusandae sapiente doloremque quia. Est accusantium voluptatibus voluptatem.',2,'2022-07-08 12:15:04','2022-07-08 12:15:04'),(190,11,'Ron Armstrong V','Vel dolores ad nostrum corrupti molestiae minus ea odit. Qui nemo porro quo id. Minima est dolorum placeat ut ad.',0,'2022-07-08 12:15:04','2022-07-08 12:15:04'),(191,111,'Dimitri Fahey','Excepturi sapiente est quasi ut consequuntur omnis vel nihil. Voluptate non quasi consequuntur id. Magnam qui et ut quia soluta. Reiciendis temporibus inventore cumque excepturi aut sunt a.',0,'2022-07-08 12:15:04','2022-07-08 12:15:04'),(192,138,'Prof. Clifton Ferry','Quisquam a et minus consequatur aliquid. Sequi quia aut ut quidem libero cumque quia. Dolores quos est neque consequatur. Ipsum soluta nam saepe in.',4,'2022-07-08 12:15:04','2022-07-08 12:15:04'),(193,49,'Reilly Buckridge','Sequi dolorem eum sed aut. Rerum voluptatum omnis beatae velit perspiciatis exercitationem. Ut voluptatem nulla tempore rerum. Ad dolor laudantium repellendus eos possimus.',5,'2022-07-08 12:15:04','2022-07-08 12:15:04'),(194,103,'Cathy Hahn','Harum molestiae aspernatur molestias aliquid excepturi aut eos tempore. Sed asperiores atque voluptas libero perspiciatis autem.',1,'2022-07-08 12:15:04','2022-07-08 12:15:04'),(195,16,'Germaine Streich','Corrupti id fugit quo magni omnis sit nesciunt. Officia sit officiis voluptatem placeat perferendis et sint. Vel illum iusto necessitatibus doloribus fugiat optio quis adipisci.',0,'2022-07-08 12:15:04','2022-07-08 12:15:04'),(196,68,'Ophelia Kuhlman','Sed eum ipsum deserunt tempore dignissimos ut. Odio cupiditate modi officiis dolor nemo possimus deserunt. Sed et laudantium voluptatem officia quo.',2,'2022-07-08 12:15:04','2022-07-08 12:15:04'),(197,25,'Jaunita Lesch DDS','Consequatur iusto saepe id laboriosam aliquid veritatis doloribus. Dolore maxime velit et minima repellat. Est voluptatum quo qui tempora quia nesciunt repudiandae.',3,'2022-07-08 12:15:04','2022-07-08 12:15:04'),(198,130,'Talia Greenfelder DDS','Aut soluta ut quibusdam recusandae repudiandae et ut impedit. Quasi minima earum quam optio accusantium beatae ut. Ducimus itaque architecto assumenda quia debitis deserunt.',3,'2022-07-08 12:15:04','2022-07-08 12:15:04'),(199,20,'Pauline Jast','Consequatur ab ipsam quos animi facilis. Rerum consequatur praesentium nobis iure libero in sit. Et est fugit quaerat.',1,'2022-07-08 12:15:04','2022-07-08 12:15:04'),(200,57,'Hunter Wilkinson','Expedita aperiam ipsam cum quibusdam nemo explicabo ab. Ut sit ratione aut id. Deleniti non eligendi iste saepe molestias. Vel provident quo dicta quas nemo quis quo voluptas. Aut quia pariatur et ut.',0,'2022-07-08 12:15:04','2022-07-08 12:15:04'),(201,35,'Astrid Kohler','Expedita molestiae voluptatum sit blanditiis pariatur. Mollitia nesciunt temporibus modi quia. Et voluptates dolorem aperiam ipsa. Cupiditate illum esse repellat quas dicta est laboriosam. Nobis enim totam repudiandae at quia sunt.',3,'2022-07-08 12:15:04','2022-07-08 12:15:04'),(202,18,'Annetta Gerhold','Rerum eum rerum sit est tempore nam corrupti. Autem fugit magni rerum blanditiis omnis. At aut aliquam quasi omnis.',3,'2022-07-08 12:15:04','2022-07-08 12:15:04'),(203,133,'Edyth Corkery','Aut rerum similique ex est tempore. Reiciendis mollitia odit minus sed. Sunt eum commodi repellendus ea magni veniam. Saepe incidunt aspernatur facilis consequatur.',3,'2022-07-08 12:15:04','2022-07-08 12:15:04'),(204,124,'Queen Schowalter','Voluptatem ratione facilis animi earum saepe. Provident cum tenetur ipsa ex. Nemo ipsum cumque harum molestiae perferendis quis.',2,'2022-07-08 12:15:04','2022-07-08 12:15:04'),(205,76,'Raymundo Bauch','Nihil ad doloribus quasi veniam quae autem deserunt. Modi omnis est autem velit ea quia. Perspiciatis quisquam debitis distinctio id quasi vitae quia.',3,'2022-07-08 12:15:04','2022-07-08 12:15:04'),(206,46,'John Jones','Beatae quis ullam expedita nobis et eaque. Repudiandae quis ipsa delectus mollitia impedit aut laborum. Adipisci consequatur dolorem eveniet dolorem. Aliquam aut consectetur perferendis quod itaque mollitia nostrum.',0,'2022-07-08 12:15:04','2022-07-08 12:15:04'),(207,83,'Tito Metz','Placeat aliquid error est cupiditate quia omnis illum. Tenetur quaerat molestias rerum. Numquam eaque sunt nesciunt accusantium.',2,'2022-07-08 12:15:04','2022-07-08 12:15:04'),(208,2,'Pablo Reynolds Sr.','Omnis maxime voluptatibus excepturi. Deserunt atque dolores velit ut necessitatibus voluptatem. Iste placeat illo veniam qui reprehenderit. Ea animi consequuntur minima assumenda sed officia porro praesentium.',0,'2022-07-08 12:15:04','2022-07-08 12:15:04'),(209,22,'Wendy Feil II','Optio laborum laboriosam eligendi et reiciendis. Debitis rerum odio ea repudiandae excepturi. Quia rem omnis quisquam odio sunt maiores nisi vel.',5,'2022-07-08 12:15:04','2022-07-08 12:15:04'),(210,132,'Sasha Daniel','Temporibus rerum eius recusandae ea. Eligendi amet quae pariatur harum autem aut. Commodi non eos error.',0,'2022-07-08 12:15:04','2022-07-08 12:15:04'),(211,142,'Mr. Saige Hansen MD','Omnis vel quam nisi voluptas unde quod. Ut voluptatem magnam dolores blanditiis placeat deserunt quia. Consequatur praesentium eum eligendi numquam id suscipit.',1,'2022-07-08 12:15:04','2022-07-08 12:15:04'),(212,114,'Prof. Paolo Ritchie','Id alias explicabo tempora consectetur nihil. Veritatis asperiores exercitationem dolorem voluptates numquam voluptate. Qui sunt impedit sed omnis ipsa.',0,'2022-07-08 12:15:04','2022-07-08 12:15:04'),(213,17,'Dorian Luettgen','Sequi fuga aut voluptatum fuga. Enim eum sint occaecati odio quae nulla sint. Quaerat similique accusamus fugit alias libero praesentium. Voluptatem voluptates molestiae nam exercitationem accusantium corrupti eos aut.',4,'2022-07-08 12:15:04','2022-07-08 12:15:04'),(214,55,'Lee Douglas','Placeat quo quae sint consectetur labore dolore. Quod aut est suscipit iste. Aliquid dolores et quasi et.',1,'2022-07-08 12:15:04','2022-07-08 12:15:04'),(215,90,'Prof. Anibal Wilkinson IV','Corrupti officiis ut labore et in alias ad. Et et eos recusandae sit et velit repellendus. Autem magni aut repellat ex ut doloremque necessitatibus. Ab delectus provident ut temporibus.',5,'2022-07-08 12:15:04','2022-07-08 12:15:04'),(216,35,'Anastasia Schaefer II','Consequuntur maxime non voluptates reiciendis dolorum tempore. Dolores illum eligendi perferendis. Beatae veniam odio laborum.',0,'2022-07-08 12:15:04','2022-07-08 12:15:04'),(217,24,'Miss Savannah Nikolaus II','Qui corrupti ut eligendi. Culpa maxime eum ut maxime nostrum qui eum dolores. Doloremque corrupti vero quam suscipit totam incidunt voluptas. Ut vitae explicabo explicabo rerum dolor aspernatur.',3,'2022-07-08 12:15:04','2022-07-08 12:15:04'),(218,116,'Dr. Alexandro Parker Jr.','Sequi rerum dolorem sequi modi cum. Aliquam aperiam fuga et et corporis perspiciatis debitis. Vel dicta delectus accusamus quis distinctio. Nihil fugiat explicabo non quisquam reprehenderit architecto.',0,'2022-07-08 12:15:04','2022-07-08 12:15:04'),(219,143,'Eugenia Smitham','Deleniti velit aperiam ipsam neque fugit possimus. Animi aperiam commodi quaerat quia a rerum. At ipsa aut aut qui laudantium perspiciatis.',2,'2022-07-08 12:15:04','2022-07-08 12:15:04'),(220,16,'Bernhard Lubowitz','Est eveniet sed quidem doloribus et. Assumenda rerum sapiente adipisci odio voluptatem. Aperiam beatae voluptatibus itaque. Earum nostrum quam omnis voluptates nam iusto.',3,'2022-07-08 12:15:04','2022-07-08 12:15:04'),(221,110,'Athena Nader','Dolores qui quasi corporis saepe eius maiores. Maiores qui dolores quasi. Qui doloribus recusandae dolorum eaque voluptatem tempore. Et fuga ad error quos iure nobis molestiae.',1,'2022-07-08 12:15:04','2022-07-08 12:15:04'),(222,120,'Antonietta Jacobson','Consequatur modi eos repellendus voluptates fugit. Nesciunt architecto modi hic quasi minima. Repellat sunt error est fugiat voluptatem ea. Aut incidunt dolore aspernatur nihil laudantium iste voluptatem amet.',2,'2022-07-08 12:15:04','2022-07-08 12:15:04'),(223,137,'Frederique Bergnaum','Libero laborum facilis sapiente voluptas rerum laboriosam omnis. Eos ea est officia sapiente. Voluptatibus rerum in eos quia esse. Consequatur perferendis aut quod qui fuga esse.',0,'2022-07-08 12:15:04','2022-07-08 12:15:04'),(224,15,'Titus Gaylord','Sint veniam repudiandae nemo. Excepturi illo id doloremque voluptatem ipsam laborum ullam necessitatibus. Ex neque sit qui sint.',2,'2022-07-08 12:15:04','2022-07-08 12:15:04'),(225,38,'Romaine Kozey','Quas magnam rerum minima voluptatem. Qui sint fuga beatae beatae sapiente et. Et nihil aperiam autem voluptas. Vel veritatis iusto nobis consequatur. Qui et aut eos distinctio quo unde officia.',5,'2022-07-08 12:15:04','2022-07-08 12:15:04'),(226,85,'Libby Muller','Perferendis quo sint tempora unde. Rerum est totam nihil animi vel. Iure libero vero voluptatem recusandae aspernatur qui quidem. Ut dolores doloremque sunt dolores enim minima quia.',2,'2022-07-08 12:15:04','2022-07-08 12:15:04'),(227,83,'Adrianna Upton','Totam illum rem deleniti vero ut ducimus. Qui qui aspernatur ab recusandae. Itaque maiores eaque delectus odit.',0,'2022-07-08 12:15:04','2022-07-08 12:15:04'),(228,126,'Mrs. Wendy Grant','Alias dicta qui modi voluptatem ab in. Beatae dicta aut dignissimos nihil est natus hic. Eaque cum voluptatem mollitia praesentium officia ut. Qui libero sint rem error veniam eos asperiores rerum. Assumenda rem sunt consequuntur minus alias voluptas.',5,'2022-07-08 12:15:04','2022-07-08 12:15:04'),(229,101,'Ernie Schmitt','Minima odio nostrum qui deleniti quisquam qui. Et est odio exercitationem vero assumenda voluptatem qui. Laudantium nobis harum quis ab. Dolore assumenda eveniet quibusdam corporis saepe similique quod suscipit.',2,'2022-07-08 12:15:04','2022-07-08 12:15:04'),(230,7,'Bridie Kreiger','Aspernatur ipsa et inventore iure repudiandae consectetur et. Qui reiciendis tempore magnam labore aut unde. Molestiae alias sed perspiciatis facilis qui. Et voluptate illo earum assumenda nemo sed aut.',1,'2022-07-08 12:15:04','2022-07-08 12:15:04'),(231,148,'Breanne Marvin','Soluta eius iste dicta magnam. Non sunt perspiciatis est optio est recusandae. Assumenda delectus suscipit possimus dignissimos repellendus quis. Omnis rerum amet dicta dolorem omnis nisi.',5,'2022-07-08 12:15:04','2022-07-08 12:15:04'),(232,50,'Chet Zemlak','Quo voluptas veniam ipsum autem. Ut quidem assumenda aut vel. Soluta sed tenetur labore nisi. Expedita excepturi fugit voluptatem.',5,'2022-07-08 12:15:04','2022-07-08 12:15:04'),(233,138,'Prof. Jean Reichert DVM','Qui nihil quidem vel ea. Sequi quasi voluptatem praesentium excepturi qui aspernatur. Ducimus molestiae blanditiis qui et architecto quia.',0,'2022-07-08 12:15:04','2022-07-08 12:15:04'),(234,94,'Herminio Stiedemann','Minima reiciendis eos perferendis culpa doloremque. Enim consectetur dolor officia sit ex id saepe. Natus nostrum quae voluptatibus omnis vel eos consequatur.',5,'2022-07-08 12:15:04','2022-07-08 12:15:04'),(235,15,'Prof. Nash Romaguera DVM','Aut facere nemo optio distinctio ut quis. Ea possimus et ea soluta. Quaerat illum occaecati rerum esse voluptatem. Dolorem neque fugit et sint.',3,'2022-07-08 12:15:04','2022-07-08 12:15:04'),(236,66,'Mrs. Anais Mann','Consectetur dolores sequi asperiores rerum ea nulla. Ea id illum pariatur odio officia. Nulla necessitatibus repellat dolorum et ducimus. Cupiditate ratione quaerat maiores.',4,'2022-07-08 12:15:04','2022-07-08 12:15:04'),(237,27,'Braeden Donnelly','Voluptas ut dolor eveniet sed expedita. Et molestiae sit aut id est quia saepe. Eos aut vel expedita illo soluta animi excepturi. Est adipisci vel consectetur.',2,'2022-07-08 12:15:04','2022-07-08 12:15:04'),(238,57,'Dr. Ciara Predovic','Nostrum ut dolor quisquam hic enim. Ut corporis et ea odit. Similique laborum tempore enim.',3,'2022-07-08 12:15:04','2022-07-08 12:15:04'),(239,20,'Mrs. Pearlie West II','Est deleniti sit qui voluptatem soluta consequuntur dolorem rem. Fugit vero optio in commodi quia. Officia dolor ea voluptas similique natus incidunt. Consequatur labore quasi laboriosam. Quam officiis molestias fugit vel.',0,'2022-07-08 12:15:04','2022-07-08 12:15:04'),(240,59,'Murl Durgan','Nesciunt sit ea quaerat exercitationem reprehenderit. Officiis aut unde voluptatum nihil consequatur quaerat mollitia qui. Autem aut suscipit quo. Voluptates eveniet voluptatem id qui.',5,'2022-07-08 12:15:04','2022-07-08 12:15:04'),(241,149,'Carol Gislason','Sint officia non delectus atque voluptatem tempora et. Qui labore aut provident ipsa autem ipsa. Voluptatem ullam voluptas veniam soluta recusandae. Quae consequatur quia sapiente quia.',2,'2022-07-08 12:15:04','2022-07-08 12:15:04'),(242,12,'Cara Kuhlman','Sed maiores impedit nostrum saepe consequatur iusto. Sint rerum culpa rerum aut veritatis occaecati eveniet aliquid. Qui voluptatum sunt maiores corporis qui. Quis dolores dolorum itaque beatae magnam consequatur. Magnam aliquid ut qui nobis sit.',3,'2022-07-08 12:15:04','2022-07-08 12:15:04'),(243,147,'Abagail Bradtke','Modi ea nobis eos eum molestiae minus fugit optio. Quis minus quasi ut enim. Molestiae architecto quidem et reiciendis praesentium est.',3,'2022-07-08 12:15:04','2022-07-08 12:15:04'),(244,51,'Jazmin Konopelski','Nostrum dignissimos placeat et numquam. Mollitia et distinctio ullam odit et non ad quia. Magnam iusto ea dolore sit quis magnam. Ut qui molestiae assumenda nihil.',1,'2022-07-08 12:15:04','2022-07-08 12:15:04'),(245,90,'Miss Candice Bergnaum','Minus repudiandae velit officiis ratione ut. Nihil maxime adipisci non sint et quo temporibus enim. Nam nihil sequi earum explicabo.',2,'2022-07-08 12:15:04','2022-07-08 12:15:04'),(246,78,'Meredith Wilderman','Exercitationem ut sint hic numquam velit. Magnam voluptates amet enim eum fugit dolores. Sint sed labore assumenda architecto illum.',2,'2022-07-08 12:15:04','2022-07-08 12:15:04'),(247,114,'Virgil Haley II','Totam non ut beatae molestiae recusandae reprehenderit qui. Occaecati praesentium aspernatur quibusdam sit expedita voluptate nulla. Veritatis officiis animi quae quia ullam adipisci sed.',5,'2022-07-08 12:15:04','2022-07-08 12:15:04'),(248,49,'Prof. Imani Lowe','Odit quis et similique voluptatum omnis veritatis quis eveniet. Molestiae animi voluptatem saepe nihil delectus sapiente.',4,'2022-07-08 12:15:04','2022-07-08 12:15:04'),(249,148,'Camren Mitchell','A in ipsum earum voluptatem quos impedit qui. Incidunt voluptatem enim accusamus nulla deleniti velit et. Possimus sed omnis qui sunt repellat distinctio non.',3,'2022-07-08 12:15:04','2022-07-08 12:15:04'),(250,43,'Katlyn Cassin Sr.','Neque laudantium molestias maiores vitae officia porro. Eligendi placeat nesciunt itaque quos voluptatem perferendis. Ex nulla eos numquam beatae nam repellat autem occaecati.',2,'2022-07-08 12:15:04','2022-07-08 12:15:04'),(251,54,'Kimberly Jerde','Vero quisquam ullam laboriosam reiciendis maiores. Corrupti aspernatur aut et. Laboriosam iure repudiandae voluptas.',0,'2022-07-08 12:15:04','2022-07-08 12:15:04'),(252,102,'Emmitt McKenzie','Aut maiores quibusdam sed et aut reprehenderit. A tempore qui illum voluptatem non quos facilis. Quasi et unde totam. Dolorem ut quis occaecati ut officiis perferendis facilis. Ratione autem tempora molestiae.',5,'2022-07-08 12:15:04','2022-07-08 12:15:04'),(253,25,'Prof. Aisha Zboncak','Corporis distinctio iusto dolore quia voluptatem distinctio rerum. Perspiciatis quas quis et adipisci rerum rerum reprehenderit. Perspiciatis et quaerat quos et.',3,'2022-07-08 12:15:04','2022-07-08 12:15:04'),(254,95,'Justine Nitzsche','Autem praesentium omnis fugit. Id nesciunt dicta eligendi non. Veniam similique magni pariatur qui.',5,'2022-07-08 12:15:04','2022-07-08 12:15:04'),(255,141,'Franz Mueller','Natus delectus et ea ratione non veniam. Quibusdam praesentium nihil quibusdam non ut. Cumque error excepturi harum. Quia qui id ipsum consequatur adipisci pariatur qui reiciendis.',4,'2022-07-08 12:15:04','2022-07-08 12:15:04'),(256,93,'Corrine Roberts','Consequatur saepe nesciunt autem totam. Est molestiae ut non consequatur corrupti. Voluptatem perspiciatis iste tempora reprehenderit ad aliquid et. Nesciunt laborum debitis quidem voluptates non voluptatem cupiditate praesentium.',2,'2022-07-08 12:15:04','2022-07-08 12:15:04'),(257,42,'Prof. Eulah Leannon PhD','Minima et et dolore. Voluptas quia placeat ut labore harum dolorem explicabo et. Dolorum est voluptatem nihil est dignissimos animi eum. Aspernatur doloribus reiciendis iure similique odit ad autem mollitia.',2,'2022-07-08 12:15:04','2022-07-08 12:15:04'),(258,28,'Danyka Satterfield','Explicabo quam eaque sed debitis assumenda qui. Sed dignissimos ut minima illo aliquam rerum incidunt. Minima sed ut id tenetur.',4,'2022-07-08 12:15:04','2022-07-08 12:15:04'),(259,65,'Jolie Quitzon','Expedita adipisci repudiandae ipsa pariatur voluptas ab et consequatur. At similique quisquam omnis magnam. Corporis nihil quasi ab. Aut dolores voluptates magni sit dolorum beatae.',0,'2022-07-08 12:15:04','2022-07-08 12:15:04'),(260,120,'Francis Schuppe','Dolorem et fugit eligendi voluptate qui consequatur. Illum voluptatum quidem molestias praesentium.',0,'2022-07-08 12:15:04','2022-07-08 12:15:04'),(261,40,'Wava Lockman','Pariatur accusamus veniam dolorem aut. Ipsa consequatur eum saepe qui facilis totam. Ut quam deserunt doloribus.',4,'2022-07-08 12:15:04','2022-07-08 12:15:04'),(262,21,'Maxine Walker','Ratione quia aspernatur quidem aperiam quidem aut praesentium. Quibusdam ipsum error sit qui aut adipisci.',5,'2022-07-08 12:15:04','2022-07-08 12:15:04'),(263,106,'Mrs. Ally Heller','Nostrum animi minima dignissimos in laboriosam quibusdam itaque. Voluptas doloremque ut aperiam harum. Voluptas quaerat accusamus necessitatibus ex esse consequuntur.',5,'2022-07-08 12:15:04','2022-07-08 12:15:04'),(264,73,'Louie Zboncak','Commodi iste quae error voluptatem est rerum rerum. Ad cupiditate et odio neque tempora et. Adipisci ut error ut dolores odio.',5,'2022-07-08 12:15:04','2022-07-08 12:15:04'),(265,82,'Rhett Gorczany','Error reprehenderit ea error recusandae quod qui. Nemo aliquid molestiae quo distinctio nihil. Placeat ut quo reprehenderit optio veritatis voluptatem. Aliquid ea perferendis earum vel.',2,'2022-07-08 12:15:04','2022-07-08 12:15:04'),(266,78,'Jerald Goodwin','Minima incidunt veritatis ipsum. Ut doloribus et culpa dolores voluptate. Quia nam veritatis nihil.',4,'2022-07-08 12:15:04','2022-07-08 12:15:04'),(267,41,'Dr. Albertha Halvorson I','Voluptatibus velit consequatur fugiat doloremque repellendus quis earum. Nihil qui occaecati maxime et rem. Voluptatum autem reprehenderit commodi quis similique eos error.',0,'2022-07-08 12:15:04','2022-07-08 12:15:04'),(268,124,'Mr. Zack Graham','Repellat eligendi id quis reiciendis quo quos illo. Quos provident itaque fugiat rem sint quia ut impedit. Et eos soluta iusto temporibus maiores amet.',4,'2022-07-08 12:15:04','2022-07-08 12:15:04'),(269,85,'Frances Schneider Sr.','Facilis ipsum in ullam et. Quia quibusdam doloremque ipsa maxime voluptatum veniam. Aut dignissimos dicta sed aut. Illum qui a corrupti nihil non ratione quia nulla.',4,'2022-07-08 12:15:04','2022-07-08 12:15:04'),(270,26,'Lindsay Bogisich PhD','Rerum neque voluptatem vel libero et adipisci. Ea ut tenetur consequatur. Eveniet ut dicta iusto qui. Voluptatibus distinctio eos reprehenderit voluptatem dolorem.',2,'2022-07-08 12:15:04','2022-07-08 12:15:04'),(271,2,'Prof. Danyka Prosacco','Odit aut provident autem asperiores. Ad impedit rem et doloremque. Eveniet commodi et inventore dolores expedita saepe. Sint beatae qui eveniet corporis maiores vel doloremque.',2,'2022-07-08 12:15:04','2022-07-08 12:15:04'),(272,63,'Felipa Predovic MD','Dolor itaque saepe deleniti et. Rem saepe error animi harum molestiae ut. Consequuntur velit corrupti nulla.',0,'2022-07-08 12:15:04','2022-07-08 12:15:04'),(273,76,'Retha Little','Vero beatae ut temporibus est eos eos. Qui totam error qui necessitatibus ex nulla. Debitis maiores sit aperiam consequatur in nostrum.',5,'2022-07-08 12:15:04','2022-07-08 12:15:04'),(274,67,'Mavis Hettinger Sr.','Eos quisquam optio architecto odio optio. Excepturi ea tenetur distinctio laborum. Fuga et esse officia quibusdam qui suscipit.',3,'2022-07-08 12:15:04','2022-07-08 12:15:04'),(275,35,'Prof. Laurence Marvin III','Ut rerum nulla aliquam blanditiis amet non. Ea itaque blanditiis qui sit autem quisquam.',1,'2022-07-08 12:15:04','2022-07-08 12:15:04'),(276,85,'Tobin Hayes','Non facere nisi excepturi temporibus delectus saepe. In officia nisi expedita. Ut vero possimus tempore exercitationem error et. Iusto esse saepe excepturi maxime dolor ab vel.',4,'2022-07-08 12:15:04','2022-07-08 12:15:04'),(277,67,'Creola Schulist II','Vel enim assumenda voluptatem et ut aut quasi. Modi et molestiae cum. Cum itaque sed saepe repellat et. Odit omnis autem inventore necessitatibus nulla nam quos.',5,'2022-07-08 12:15:04','2022-07-08 12:15:04'),(278,123,'Elena Reinger','Repellendus vero a velit voluptatibus fugiat. Animi pariatur ut nisi sint et enim. Quos cum voluptatum ipsa est velit nesciunt nostrum. Est eum eum ex et sunt eaque enim.',2,'2022-07-08 12:15:04','2022-07-08 12:15:04'),(279,32,'Prof. Dejon Boyer MD','Facere aut velit possimus corrupti. Mollitia dolorem omnis in aut. Ducimus rerum non laboriosam nulla qui dolorem error. Veritatis quo tempora itaque a.',4,'2022-07-08 12:15:04','2022-07-08 12:15:04'),(280,22,'Gaston Collier','Illo velit quis dolorum. Provident consequuntur earum aliquam quia. Nostrum ex ducimus consequatur minus cum ex voluptas deleniti.',4,'2022-07-08 12:15:04','2022-07-08 12:15:04'),(281,8,'Katelyn Pouros III','Deleniti autem assumenda provident nostrum est. Ut rem at explicabo optio maiores quasi. Id dolorem assumenda non rem et.',2,'2022-07-08 12:15:04','2022-07-08 12:15:04'),(282,1,'Isom Kshlerin','Aut est ea optio dolorem libero iusto impedit. Ducimus illum ipsa accusantium modi velit ipsam dolorem. Ut aut nemo esse culpa recusandae ut.',5,'2022-07-08 12:15:04','2022-07-08 12:15:04'),(283,16,'Prof. Jalon Wiza','Itaque quo velit itaque illum voluptatem voluptas. Soluta consequatur vel animi magnam molestiae id rerum. Amet molestiae blanditiis et iusto. Quis saepe perspiciatis aspernatur.',5,'2022-07-08 12:15:04','2022-07-08 12:15:04'),(284,67,'Shawna Bode','Qui dignissimos nisi consequatur dolores. Voluptatem distinctio a omnis cupiditate quis recusandae cumque distinctio. Quos qui minus sint minima natus aut aliquam.',4,'2022-07-08 12:15:04','2022-07-08 12:15:04'),(285,135,'Gerda Mills','Sit suscipit voluptatem soluta sequi esse voluptatibus. Ut voluptatem repudiandae eaque in dolor. Sit odit ab occaecati cumque ea. Ut velit voluptatem ab voluptatem molestiae.',1,'2022-07-08 12:15:04','2022-07-08 12:15:04'),(286,28,'Terence Jaskolski','Ipsa alias est aut qui velit qui. Sunt et eligendi quod. Sit ut et maxime beatae impedit eveniet praesentium amet. Consectetur fugiat illum rerum et eligendi iure nam et.',3,'2022-07-08 12:15:04','2022-07-08 12:15:04'),(287,56,'Robbie Prohaska','Ullam accusamus eos vitae minima architecto. Eaque veniam est ducimus excepturi voluptatibus fugit. Dolor nesciunt sit iure repellat voluptates voluptas facere. Dicta distinctio beatae porro facere sapiente ut in.',4,'2022-07-08 12:15:04','2022-07-08 12:15:04'),(288,62,'Miss Elisabeth Von','Deserunt non molestiae qui asperiores nemo. Et sunt eum quidem. Sed repudiandae molestias est rerum distinctio. Minima voluptatem officiis neque rerum doloremque. Minima inventore assumenda tempora.',4,'2022-07-08 12:15:04','2022-07-08 12:15:04'),(289,150,'Brielle Moen','At voluptas expedita id et et pariatur provident non. Delectus voluptas iusto ducimus sint omnis. Sit error maiores tempora asperiores. In dolores aliquam iusto esse ea et iure.',5,'2022-07-08 12:15:04','2022-07-08 12:15:04'),(290,5,'Deon Wyman','Dicta quia eligendi eligendi occaecati qui. Iure ea dolores suscipit fuga sint possimus magni. Aliquid rerum quibusdam et rem nobis soluta nostrum.',3,'2022-07-08 12:15:04','2022-07-08 12:15:04'),(291,66,'Prof. Shea Pfeffer IV','Nesciunt et sequi illo in. Id ea labore officiis praesentium.',0,'2022-07-08 12:15:04','2022-07-08 12:15:04'),(292,42,'Nikita Swaniawski','Occaecati dolor pariatur facilis repellendus qui nam doloribus. Voluptatem repudiandae illo dolorem rerum facere asperiores est. Sed dolores rerum quis vel consectetur reprehenderit.',5,'2022-07-08 12:15:04','2022-07-08 12:15:04'),(293,5,'Malinda Marvin','Iusto aut repellat tenetur quia adipisci animi placeat. Ab perferendis dolorum officiis doloremque suscipit. Accusamus quia debitis soluta minima.',2,'2022-07-08 12:15:04','2022-07-08 12:15:04'),(294,95,'Dr. Jess Friesen','Dolorem eaque harum beatae eum. Eos facilis quia inventore rem doloribus sint illo. Ut neque ab iusto modi amet omnis. Hic inventore aut magnam sequi sit soluta numquam.',5,'2022-07-08 12:15:04','2022-07-08 12:15:04'),(295,95,'Dr. Will Satterfield IV','Debitis id vitae sapiente. Sequi et qui id iste. Minus eum quam eveniet repudiandae. Atque nostrum sed at. Provident ut et ut ut aut sed.',1,'2022-07-08 12:15:04','2022-07-08 12:15:04'),(296,146,'Mrs. Rosanna Wunsch II','Porro pariatur quae impedit omnis quasi unde quos commodi. Perferendis tempora blanditiis deleniti distinctio aspernatur doloremque. Rem eaque quae laboriosam non occaecati accusamus. Aut et nulla placeat nam tempora dolor quas maxime.',4,'2022-07-08 12:15:04','2022-07-08 12:15:04'),(297,121,'Tad Kerluke','Et exercitationem repellendus hic. Qui dicta in qui repudiandae dignissimos. Commodi sed veritatis voluptates quae atque facere natus illum. Modi voluptates vel tenetur deleniti laudantium.',1,'2022-07-08 12:15:04','2022-07-08 12:15:04'),(298,98,'Carlee Wisoky','Veniam repellat sed officiis consequuntur. Sunt illum rerum facere qui dolor quasi molestiae necessitatibus. Placeat possimus dolores velit cum. Ratione dolorum voluptatum dolores exercitationem.',2,'2022-07-08 12:15:04','2022-07-08 12:15:04'),(299,109,'Suzanne Rohan MD','Omnis ea culpa tenetur laboriosam suscipit. Ea qui ea quod illo.',4,'2022-07-08 12:15:04','2022-07-08 12:15:04'),(300,35,'Lera Hegmann','Nemo provident nam molestiae mollitia. Nobis dolorum quaerat sequi. Qui voluptas dolores illo aperiam. Dignissimos doloribus non aperiam error sit veritatis sit fugit.',4,'2022-07-08 12:15:04','2022-07-08 12:15:04');
/*!40000 ALTER TABLE `reviews` ENABLE KEYS */;
UNLOCK TABLES;

--
-- Table structure for table `users`
--

DROP TABLE IF EXISTS `users`;
/*!40101 SET @saved_cs_client     = @@character_set_client */;
/*!50503 SET character_set_client = utf8mb4 */;
CREATE TABLE `users` (
  `id` bigint unsigned NOT NULL AUTO_INCREMENT,
  `name` varchar(255) COLLATE utf8mb4_unicode_ci NOT NULL,
  `email` varchar(255) COLLATE utf8mb4_unicode_ci NOT NULL,
  `email_verified_at` timestamp NULL DEFAULT NULL,
  `password` varchar(255) COLLATE utf8mb4_unicode_ci NOT NULL,
  `remember_token` varchar(100) COLLATE utf8mb4_unicode_ci DEFAULT NULL,
  `created_at` timestamp NULL DEFAULT NULL,
  `updated_at` timestamp NULL DEFAULT NULL,
  PRIMARY KEY (`id`),
  UNIQUE KEY `users_email_unique` (`email`)
) ENGINE=InnoDB DEFAULT CHARSET=utf8mb4 COLLATE=utf8mb4_unicode_ci;
/*!40101 SET character_set_client = @saved_cs_client */;

--
-- Dumping data for table `users`
--

LOCK TABLES `users` WRITE;
/*!40000 ALTER TABLE `users` DISABLE KEYS */;
/*!40000 ALTER TABLE `users` ENABLE KEYS */;
UNLOCK TABLES;
/*!40103 SET TIME_ZONE=@OLD_TIME_ZONE */;

/*!40101 SET SQL_MODE=@OLD_SQL_MODE */;
/*!40014 SET FOREIGN_KEY_CHECKS=@OLD_FOREIGN_KEY_CHECKS */;
/*!40014 SET UNIQUE_CHECKS=@OLD_UNIQUE_CHECKS */;
/*!40101 SET CHARACTER_SET_CLIENT=@OLD_CHARACTER_SET_CLIENT */;
/*!40101 SET CHARACTER_SET_RESULTS=@OLD_CHARACTER_SET_RESULTS */;
/*!40101 SET COLLATION_CONNECTION=@OLD_COLLATION_CONNECTION */;
/*!40111 SET SQL_NOTES=@OLD_SQL_NOTES */;

-- Dump completed on 2022-07-08 16:16:48
